,,Position,,,Orientation,,,,Confidence Level
Body ID,Joint #,x,y,z,x,y,z,w
1,0,262.6,542.167,2015.05,0.47566,-0.478724,0.565796,-0.473758,Medium confidence in joint pose,
1,1,246.949,365.012,2002.58,0.448029,-0.510038,0.537739,-0.499968,Medium confidence in joint pose,
1,2,235.795,222.977,2006.6,0.410101,-0.552237,0.555398,-0.467316,Medium confidence in joint pose,
1,3,224.36,6.7798,2020.66,0.446256,-0.505919,0.597895,-0.432924,Medium confidence in joint pose,
1,4,259.2,40.031,2011.73,0.726731,-0.677272,0.0714696,0.0897535,Medium confidence in joint pose,
1,5,398.293,44.8372,1979.52,0.697253,-0.378368,-0.236317,0.561097,Medium confidence in joint pose,
1,6,469.719,310.297,1953.27,0.558142,-0.42079,-0.148136,0.699621,Medium confidence in joint pose,
1,7,464.428,520.204,1855.13,0.668651,-0.255103,-0.629029,0.303563,Medium confidence in joint pose,
1,8,461.661,594.944,1915.68,0.596628,-0.372856,-0.567216,0.428112,The joint is out of range(too far from depth camera),
1,9,460.578,695.779,1954.29,0.596628,-0.372856,-0.567216,0.428112,The joint is out of range(too far from depth camera),
1,10,396.921,616.997,1928.63,-0.0238327,0.449717,0.852973,0.263861,The joint is out of range(too far from depth camera),
1,11,193.889,45.0736,2026.95,0.680919,0.715164,0.0252852,-0.155725,Medium confidence in joint pose,
1,12,69.0113,68.1913,2060.75,0.549409,0.519261,-0.479988,-0.445118,Medium confidence in joint pose,
1,13,28.7847,346.073,2042.41,0.67623,0.301387,-0.639676,-0.206623,Medium confidence in joint pose,
1,14,6.19557,502.163,1868.59,-0.333194,-0.105073,0.936916,0.0113888,Medium confidence in joint pose,
1,15,88.8928,516.653,1807.88,-0.270357,-0.609205,0.719528,0.195077,Medium confidence in joint pose,
1,16,100.733,620.896,1791.81,-0.270357,-0.609205,0.719528,0.195077,Medium confidence in joint pose,
1,17,101.66,521.292,1802.19,-0.441909,-0.260133,0.69024,-0.510505,Medium confidence in joint pose,
1,18,352.976,534.815,2006.07,-0.427618,0.490224,-0.512508,0.560499,Medium confidence in joint pose,
1,19,414.444,927.612,1961.57,0.535572,-0.372028,0.603808,-0.458448,Medium confidence in joint pose,
1,20,471.609,1287.13,2078.43,0.540075,-0.336352,0.472313,-0.610006,The joint is not observed(likely due to occlusion) - predicted joint pose,
1,21,544.168,1401.91,1949.56,0.816284,0.0940041,0.567513,-0.0526589,The joint is not observed(likely due to occlusion) - predicted joint pose,
1,22,181.103,548.796,2023.16,0.455798,0.552459,0.547591,0.432644,Medium confidence in joint pose,
1,23,191.464,948.201,2014.7,0.34239,0.664982,0.403561,0.52698,Medium confidence in joint pose,
1,24,237.387,1294.99,2178.72,0.3678,0.629574,0.503637,0.463367,The joint is not observed(likely due to occlusion) - predicted joint pose,
1,25,202.877,1426.04,2072.41,-0.0657265,0.80509,-0.0853817,0.583284,The joint is not observed(likely due to occlusion) - predicted joint pose,
1,26,217.029,-74.1458,2012.85,0.458169,-0.484792,0.604713,-0.435177,Medium confidence in joint pose,
1,27,177.871,-101.433,1859.53,0.458169,-0.484792,0.604713,-0.435177,Medium confidence in joint pose,
1,28,205.758,-141.854,1886.31,0.631692,0.0847969,0.770397,0.0162578,Medium confidence in joint pose,
1,29,287.244,-145.957,1983.22,0.435177,0.604713,0.484792,0.458169,Medium confidence in joint pose,
1,30,155.026,-132.201,1894.24,0.631692,0.0847969,0.770397,0.0162578,Medium confidence in joint pose,
1,31,127.013,-128.461,2022.08,0.458169,-0.484792,0.604713,-0.435177,Medium confidence in joint pose,
1,0,263.116,553.468,2016,0.484918,-0.468988,0.557828,-0.483459,Medium confidence in joint pose,
1,1,246.94,372.909,2002.76,0.452638,-0.504081,0.526331,-0.513806,Medium confidence in joint pose,
1,2,235.019,228.214,2008.8,0.416764,-0.525307,0.550153,-0.497687,Medium confidence in joint pose,
1,3,212.897,8.65398,2023.97,0.455333,-0.479497,0.590507,-0.462662,Medium confidence in joint pose,
1,4,250.396,40.9171,2017.14,0.72567,-0.683453,0.0758666,0.0232317,Medium confidence in joint pose,
1,5,394.205,30.7242,1996.48,0.673643,-0.433832,-0.306803,0.513679,Medium confidence in joint pose,
1,6,474.167,300.521,1987.37,0.561994,-0.484835,-0.217424,0.633897,Medium confidence in joint pose,
1,7,498.224,518.704,1899.87,0.557971,-0.161602,-0.769626,0.265006,Medium confidence in joint pose,
1,8,461.799,577.19,1969.71,-0.335709,0.541652,0.570134,-0.518517,The joint is out of range(too far from depth camera),
1,9,441.122,683.51,1950.01,-0.335709,0.541652,0.570134,-0.518517,The joint is out of range(too far from depth camera),
1,10,382.11,581.454,1922.45,0.173853,0.209067,0.913538,0.302515,The joint is out of range(too far from depth camera),
1,11,183.168,49.0453,2027.88,0.678183,0.708174,-0.0582871,-0.187508,Medium confidence in joint pose,
1,12,59.5144,94.1831,2052.87,0.445815,0.580051,-0.503835,-0.459282,Medium confidence in joint pose,
1,13,39.3127,379.335,2076.84,0.516348,0.487619,-0.593748,-0.378254,Medium confidence in joint pose,
1,14,37.213,611.371,2018.39,-0.371454,-0.375528,0.605923,0.59486,Medium confidence in joint pose,
1,15,88.6911,703.31,2010.95,0.522874,0.191265,-0.686718,-0.467375,The joint is out of range(too far from depth camera),
1,16,129.815,784.624,1952.59,0.522874,0.191265,-0.686718,-0.467375,The joint is out of range(too far from depth camera),
1,17,111.534,683.229,1973.37,-0.422406,-0.471095,0.774139,-0.0187549,The joint is out of range(too far from depth camera),
1,18,355.501,545.615,2010.21,-0.468231,0.440717,-0.454225,0.61661,Medium confidence in joint pose,
1,19,426.086,944.431,1962.03,0.615544,-0.303895,0.555162,-0.469626,Medium confidence in joint pose,
1,20,448.502,1301.32,2117.18,0.538121,-0.275536,0.3864,-0.696563,The joint is not observed(likely due to occlusion) - predicted joint pose,
1,21,561.278,1393.63,1993.93,0.875315,0.0762442,0.463366,-0.115338,The joint is not observed(likely due to occlusion) - predicted joint pose,
1,22,179.808,560.549,2021.21,0.505705,0.512027,0.489456,0.492467,Medium confidence in joint pose,
1,23,194.402,967.702,2024.99,0.423006,0.581981,0.403775,0.565092,Medium confidence in joint pose,
1,24,208.296,1341.14,2149.52,0.491021,0.517283,0.521536,0.468313,The joint is not observed(likely due to occlusion) - predicted joint pose,
1,25,198.345,1442.37,2006.37,0.0188137,0.738505,0.00591429,0.673959,The joint is not observed(likely due to occlusion) - predicted joint pose,
1,26,202.451,-73.5406,2016.14,0.497069,-0.451342,0.585678,-0.454085,Medium confidence in joint pose,
1,27,180.152,-96.5987,1855.6,0.497069,-0.451342,0.585678,-0.454085,Medium confidence in joint pose,
1,28,205.194,-138.772,1884.69,0.672568,0.0949902,0.733284,0.0303944,Medium confidence in joint pose,
1,29,276.684,-146.365,1991.99,0.454085,0.585678,0.451342,0.497069,Medium confidence in joint pose,
1,30,152.93,-128.8,1887.23,0.672568,0.0949902,0.733284,0.0303944,Medium confidence in joint pose,
1,31,109.988,-128.512,2013.62,0.497069,-0.451342,0.585678,-0.454085,Medium confidence in joint pose,
1,0,263.757,562.06,2013.58,0.490772,-0.466985,0.551389,-0.486866,Medium confidence in joint pose,
1,1,248.674,378.274,2000.31,-0.454941,0.504979,-0.516818,0.520503,Medium confidence in joint pose,
1,2,237.434,231.126,2008.52,0.38955,-0.544026,0.568376,-0.478786,Medium confidence in joint pose,
1,3,214.146,8.11696,2027.04,0.426691,-0.496694,0.610172,-0.446005,Medium confidence in joint pose,
1,4,251.889,40.5127,2016.74,0.719234,-0.684087,0.114252,0.0409147,Medium confidence in joint pose,
1,5,395.667,26.0746,1984.1,0.70293,-0.382849,-0.254601,0.542673,Medium confidence in joint pose,
1,6,476.244,300.382,1967.61,0.564681,-0.429873,-0.163108,0.685376,Medium confidence in joint pose,
1,7,478.001,520.132,1870.25,0.591668,-0.100554,-0.788405,0.135043,Medium confidence in joint pose,
1,8,445.763,558.856,1956.39,-0.392818,0.552858,0.571,-0.462602,The joint is out of range(too far from depth camera),
1,9,436.795,670.25,1949.34,-0.392818,0.552858,0.571,-0.462602,The joint is out of range(too far from depth camera),
1,10,367.995,583.939,1920.67,0.123808,0.292545,0.844294,0.431575,The joint is out of range(too far from depth camera),
1,11,184.744,49.5229,2033.29,0.679031,0.697892,-0.0278888,-0.22602,Medium confidence in joint pose,
1,12,62.5963,96.6603,2071.12,-0.421857,-0.56559,0.422046,0.569229,Medium confidence in joint pose,
1,13,63.8478,376.101,2155.1,0.607026,0.361946,-0.605814,-0.365382,Medium confidence in joint pose,
1,14,64.0982,590.811,2040.46,0.521083,-0.080783,-0.286881,-0.799779,Medium confidence in joint pose,
1,15,106.136,674.216,1987.35,0.524412,-0.0819781,-0.286542,-0.7976,The joint is out of range(too far from depth camera),
1,16,154.185,761.12,1939.88,0.524412,-0.0819781,-0.286542,-0.7976,The joint is out of range(too far from depth camera),
1,17,148.904,647.183,1939.5,-0.494055,-0.209178,0.74441,0.397501,The joint is out of range(too far from depth camera),
1,18,357.864,554.639,2009.41,-0.454671,0.456756,-0.477902,0.596873,Medium confidence in joint pose,
1,19,428.099,960.931,1963.49,0.581629,-0.332426,0.571414,-0.474012,Medium confidence in joint pose,
1,20,468.7,1330.18,2102.08,0.558796,-0.270741,0.40077,-0.673669,The joint is not observed(likely due to occlusion) - predicted joint pose,
1,21,578.575,1435.45,1981.52,0.873884,0.089948,0.47019,-0.084602,The joint is not observed(likely due to occlusion) - predicted joint pose,
1,22,178.896,568.752,2017.35,0.531228,0.487831,0.452481,0.524479,Medium confidence in joint pose,
1,23,195.624,982.635,2030.19,0.4377,0.555714,0.365925,0.604731,Medium confidence in joint pose,
1,24,195.944,1357.68,2171.13,0.487677,0.522148,0.45107,0.534854,The joint is not observed(likely due to occlusion) - predicted joint pose,
1,25,204.858,1480.5,2041.74,-0.0307311,0.692597,-0.0472488,0.719119,The joint is not observed(likely due to occlusion) - predicted joint pose,
1,26,202.087,-75.4133,2020.46,0.483402,-0.454579,0.60166,-0.444619,Medium confidence in joint pose,
1,27,172.032,-96.8709,1858.09,0.483402,-0.454579,0.60166,-0.444619,Medium confidence in joint pose,
1,28,198.165,-140.409,1886.12,0.65621,0.104002,0.746874,0.0274232,Medium confidence in joint pose,
1,29,275.425,-150.236,1991.92,0.444619,0.60166,0.454579,0.483402,Medium confidence in joint pose,
1,30,145.312,-129.581,1891.11,0.65621,0.104002,0.746874,0.0274232,Medium confidence in joint pose,
1,31,107.249,-130.031,2021.44,0.483402,-0.454579,0.60166,-0.444619,Medium confidence in joint pose,
1,0,267.072,567.226,2018.9,0.477111,-0.474286,0.566659,-0.475726,Medium confidence in joint pose,
1,1,249.474,380.543,2004.84,0.440636,-0.51488,0.530046,-0.509695,Medium confidence in joint pose,
1,2,237.226,230.969,2013.52,0.380086,-0.554733,0.581322,-0.458116,Medium confidence in joint pose,
1,3,215.642,3.73565,2029.65,0.415599,-0.506328,0.623936,-0.426161,Medium confidence in joint pose,
1,4,253.259,37.0726,2017.72,0.722584,-0.677969,0.122908,0.0558997,Medium confidence in joint pose,
1,5,398.435,24.1344,1979.54,0.682446,-0.370409,-0.207914,0.594841,Medium confidence in joint pose,
1,6,458.397,305.469,1933.84,0.597685,-0.394675,-0.157043,0.679957,Medium confidence in joint pose,
1,7,464.75,534.467,1848.52,0.668997,-0.000690733,-0.739168,0.0779257,Medium confidence in joint pose,
1,8,448.657,552.586,1947.08,-0.429338,0.51168,0.533436,-0.51894,The joint is out of range(too far from depth camera),
1,9,436.391,665.505,1938.76,-0.429338,0.51168,0.533436,-0.51894,The joint is out of range(too far from depth camera),
1,10,368.719,595.234,1913.95,0.0664659,0.350063,0.847978,0.392391,The joint is out of range(too far from depth camera),
1,11,185.926,45.5655,2038.34,0.672322,0.703945,0.0242059,-0.227727,Medium confidence in joint pose,
1,12,61.8554,83.2858,2087.29,-0.470985,-0.488412,0.446662,0.583198,Medium confidence in joint pose,
1,13,85.3754,375.802,2131.49,0.634747,0.317038,-0.580983,-0.398801,Medium confidence in joint pose,
1,14,83.6838,592.327,2011.51,0.525753,-0.174004,0.0428348,-0.831548,Medium confidence in joint pose,
1,15,117.525,691.817,1981.54,0.510129,-0.174774,0.0395771,-0.841223,The joint is out of range(too far from depth camera),
1,16,164.368,789.443,1953.14,0.510129,-0.174774,0.0395771,-0.841223,The joint is out of range(too far from depth camera),
1,17,164.3,684.009,1935.79,-0.391606,-0.212891,0.542899,0.711746,The joint is out of range(too far from depth camera),
1,18,362.405,558.905,2010.05,-0.416677,0.494332,-0.527298,0.551338,Medium confidence in joint pose,
1,19,431.619,972.742,1965.46,0.528896,-0.364709,0.624018,-0.444813,Medium confidence in joint pose,
1,20,501.992,1346.03,2100.81,0.529491,-0.323098,0.471048,-0.627185,The joint is not observed(likely due to occlusion) - predicted joint pose,
1,21,586.232,1462.18,1965.16,0.820824,0.102404,0.557249,-0.0723531,The joint is not observed(likely due to occlusion) - predicted joint pose,
1,22,181.106,574.728,2026.88,0.474846,0.541319,0.497871,0.483343,Medium confidence in joint pose,
1,23,196.705,995.395,2048.15,0.401957,0.606204,0.416438,0.54546,Medium confidence in joint pose,
1,24,220.382,1379.82,2181.21,0.428993,0.574213,0.513842,0.471393,The joint is not observed(likely due to occlusion) - predicted joint pose,
1,25,195.76,1502.95,2049.93,-0.0276617,0.77326,-0.0393693,0.632261,The joint is not observed(likely due to occlusion) - predicted joint pose,
1,26,203.432,-81.1606,2022.16,0.457911,-0.456709,0.631237,-0.428106,Medium confidence in joint pose,
1,27,159.759,-98.3961,1859.43,0.457911,-0.456709,0.631237,-0.428106,Medium confidence in joint pose,
1,28,187.001,-144.079,1884.95,0.626509,0.12341,0.769294,0.0210751,Medium confidence in joint pose,
1,29,273.15,-158.818,1986.02,0.428106,0.631237,0.456709,0.457911,Medium confidence in joint pose,
1,30,134.162,-131.563,1894.34,0.626509,0.12341,0.769294,0.0210751,Medium confidence in joint pose,
1,31,105.612,-133.78,2029.43,0.457911,-0.456709,0.631237,-0.428106,Medium confidence in joint pose,
1,0,271.048,554.194,2025.78,0.454023,-0.501314,0.576147,-0.458915,Medium confidence in joint pose,
1,1,256.129,374.654,2017.04,-0.408622,0.553517,-0.526194,0.499767,Medium confidence in joint pose,
1,2,248.446,231.762,2034.81,0.386115,-0.553459,0.59824,-0.432097,Medium confidence in joint pose,
1,3,229.18,13.1575,2039.29,0.419523,-0.503702,0.640697,-0.399741,Medium confidence in joint pose,
1,4,264.724,45.9143,2028.37,0.732411,-0.655387,0.1672,0.0780089,Medium confidence in joint pose,
1,5,399.412,30.7545,1978.19,0.715493,-0.528414,-0.0903586,0.447978,Medium confidence in joint pose,
1,6,562.1,236.535,1882.05,0.591743,-0.534943,0.034963,0.602042,Medium confidence in joint pose,
1,7,626.033,394.841,1721.3,0.355465,0.879753,0.178178,0.260638,Medium confidence in joint pose,
1,8,707.286,435.466,1756.31,0.424706,0.404428,0.801343,-0.117949,Medium confidence in joint pose,
1,9,673.188,495.33,1671.53,0.424706,0.404428,0.801343,-0.117949,Medium confidence in joint pose,
1,10,654.194,504.69,1755.69,0.642301,0.333318,0.0502404,0.688349,Medium confidence in joint pose,
1,11,200.806,52.611,2050.7,0.662949,0.727283,0.0310685,-0.174908,Medium confidence in joint pose,
1,12,76.2381,77.437,2090.01,0.549889,0.671581,-0.197401,-0.455669,Medium confidence in joint pose,
1,13,-68.0333,295.575,2202.44,0.636256,0.612127,-0.339542,-0.324331,Medium confidence in joint pose,
1,14,-200.784,492.287,2194.12,0.273768,0.874904,0.000977529,-0.39949,Medium confidence in joint pose,
1,15,-269.7,523.586,2266.64,-0.479582,-0.390207,0.783069,-0.0673947,The joint is out of range(too far from depth camera),
1,16,-244.414,582.267,2180.34,-0.479582,-0.390207,0.783069,-0.0673947,The joint is out of range(too far from depth camera),
1,17,-263.198,517.079,2180.79,0.242178,0.919207,-0.141005,0.276635,The joint is out of range(too far from depth camera),
1,18,361.694,547.41,2010.43,-0.419625,0.452279,-0.507947,0.601123,Medium confidence in joint pose,
1,19,458.314,937.569,1962.89,0.609204,-0.237132,0.637448,-0.407797,Medium confidence in joint pose,
1,20,514.509,1246.7,2188.51,-0.483486,0.263173,-0.472902,0.688001,The joint is not observed(likely due to occlusion) - predicted joint pose,
1,21,622.541,1338.34,2062.79,0.830817,0.145795,0.516269,-0.148165,The joint is not observed(likely due to occlusion) - predicted joint pose,
1,22,189.308,560.312,2039.63,0.406952,0.553922,0.588373,0.425885,Medium confidence in joint pose,
1,23,167.022,963.997,2036.77,0.347769,0.626227,0.510733,0.475446,Medium confidence in joint pose,
1,24,177.266,1343.29,2130.68,0.445364,0.487114,0.651935,0.373298,The joint is not observed(likely due to occlusion) - predicted joint pose,
1,25,121.052,1409.58,1979.64,0.0539745,0.808333,0.119532,0.573931,The joint is not observed(likely due to occlusion) - predicted joint pose,
1,26,217.571,-67.8472,2028.15,0.436998,-0.498052,0.62,-0.42021,Medium confidence in joint pose,
1,27,167.763,-95.4933,1876.01,0.436998,-0.498052,0.62,-0.42021,Medium confidence in joint pose,
1,28,197.553,-136.456,1901.25,0.606138,0.0862298,0.790582,0.011871,Medium confidence in joint pose,
1,29,286.236,-140.785,1993.68,0.42021,0.62,0.498052,0.436998,Medium confidence in joint pose,
1,30,146.897,-126.499,1912.61,0.606138,0.0862298,0.790582,0.011871,Medium confidence in joint pose,
1,31,127.119,-122.466,2043.52,0.436998,-0.498052,0.62,-0.42021,Medium confidence in joint pose,
1,0,272.917,556.825,2032.46,0.467451,-0.496119,0.559591,-0.471396,Medium confidence in joint pose,
1,1,260.551,378.207,2025.16,-0.420535,0.547055,-0.509908,0.513687,Medium confidence in joint pose,
1,2,253.71,236.392,2044.24,0.415074,-0.536762,0.590396,-0.437073,Medium confidence in joint pose,
1,3,236.695,19.0231,2040.59,0.448787,-0.487687,0.63154,-0.402379,Medium confidence in joint pose,
1,4,272.243,52.2146,2032.95,0.742517,-0.64614,0.168948,0.0512679,Medium confidence in joint pose,
1,5,406.876,31.798,1987.41,0.730443,-0.565925,-0.090584,0.371451,Medium confidence in joint pose,
1,6,603.29,210.875,1907.44,0.623818,-0.571457,0.0437409,0.531389,Medium confidence in joint pose,
1,7,703.795,353.677,1753.25,0.553985,0.794972,-0.0394143,0.244063,Medium confidence in joint pose,
1,8,787.296,366.684,1800.29,0.522765,0.498529,0.620486,-0.305259,Medium confidence in joint pose,
1,9,792.031,399.19,1696.85,0.522765,0.498529,0.620486,-0.305259,Medium confidence in joint pose,
1,10,757.881,443.541,1705.97,0.653664,0.355342,0.583973,0.324701,Medium confidence in joint pose,
1,11,207.448,57.5774,2051.43,0.65077,0.750298,0.0399252,-0.109348,Medium confidence in joint pose,
1,12,78.9368,68.463,2079.97,0.611961,0.669581,-0.117854,-0.404074,Medium confidence in joint pose,
1,13,-103.668,252.966,2192.22,0.709495,0.595941,-0.327234,-0.185439,Medium confidence in joint pose,
1,14,-272.83,407.053,2134.81,0.294137,0.920907,0.0463908,-0.251519,Medium confidence in joint pose,
1,15,-362.335,422.378,2185.79,-0.244905,-0.0258674,0.921712,-0.299666,The joint is out of range(too far from depth camera),
1,16,-268.596,411.807,2135.98,-0.244905,-0.0258674,0.921712,-0.299666,The joint is out of range(too far from depth camera),
1,17,-353.384,410.591,2123.72,0.933159,-0.0532391,-0.329684,-0.132998,The joint is out of range(too far from depth camera),
1,18,363.669,550.986,2021.6,-0.416545,0.453113,-0.509333,0.601464,Medium confidence in joint pose,
1,19,461.122,938.069,1973.05,0.598624,-0.249429,0.634446,-0.42061,Medium confidence in joint pose,
1,20,522.173,1253.21,2184.32,-0.497539,0.224674,-0.450807,0.706222,The joint is not observed(likely due to occlusion) - predicted joint pose,
1,21,643.199,1341.25,2070.27,0.853386,0.157517,0.473332,-0.151252,The joint is not observed(likely due to occlusion) - predicted joint pose,
1,22,191.083,562.09,2042.25,0.309931,0.572423,0.635149,0.415765,Medium confidence in joint pose,
1,23,129.808,957.682,2075.3,0.253518,0.649952,0.555564,0.452371,Medium confidence in joint pose,
1,24,119.486,1327.2,2194.27,0.382775,0.502575,0.656414,0.412338,The joint is not observed(likely due to occlusion) - predicted joint pose,
1,25,50.3339,1406.57,2056.83,-0.0179999,0.822364,0.112244,0.55749,The joint is not observed(likely due to occlusion) - predicted joint pose,
1,26,226.726,-61.1502,2026.28,0.432511,-0.504128,0.598154,-0.448331,Medium confidence in joint pose,
1,27,182.778,-98.1799,1875.46,0.432511,-0.504128,0.598154,-0.448331,Medium confidence in joint pose,
1,28,211.432,-137.154,1904.11,0.622849,0.0664869,0.779431,-0.0111868,Medium confidence in joint pose,
1,29,296.131,-135.481,1999.17,0.448331,0.598154,0.504128,0.432511,Medium confidence in joint pose,
1,30,160.732,-126.677,1912.91,0.622849,0.0664869,0.779431,-0.0111868,Medium confidence in joint pose,
1,31,136.357,-114.531,2041.66,0.432511,-0.504128,0.598154,-0.448331,Medium confidence in joint pose,
1,0,272.203,556.312,2029.42,0.464367,-0.499539,0.566354,-0.462674,Medium confidence in joint pose,
1,1,260.056,377.33,2020.6,-0.421827,0.547464,-0.520172,0.501763,Medium confidence in joint pose,
1,2,253.64,234.765,2036.48,0.408858,-0.55034,0.581893,-0.437448,Medium confidence in joint pose,
1,3,240.81,16.5817,2038.62,0.442622,-0.501904,0.624153,-0.403252,Medium confidence in joint pose,
1,4,275.693,50.3206,2029.68,0.736482,-0.659068,0.140721,0.0584944,Medium confidence in joint pose,
1,5,412.926,36.0254,1988.76,0.761945,-0.468376,-0.179427,0.40972,Medium confidence in joint pose,
1,6,579.815,256.491,1958.05,0.643595,-0.497505,-0.0637069,0.578114,Medium confidence in joint pose,
1,7,655.342,445.051,1842.88,0.344441,0.776146,0.237241,0.471883,Medium confidence in joint pose,
1,8,702.379,505.541,1902.26,0.582852,0.3178,0.746786,0.0399634,The joint is out of range(too far from depth camera),
1,9,689.48,562.243,1810.33,0.582852,0.3178,0.746786,0.0399634,The joint is out of range(too far from depth camera),
1,10,637.374,564.053,1833.49,0.510673,0.182769,0.462864,0.701117,The joint is out of range(too far from depth camera),
1,11,210.872,54.9227,2048.85,0.658272,0.741245,0.0697455,-0.111221,Medium confidence in joint pose,
1,12,83.0373,60.6199,2082.84,0.530243,0.684156,-0.241051,-0.438938,Medium confidence in joint pose,
1,13,-58.2606,286.071,2180.63,0.634062,0.585952,-0.427593,-0.267936,Medium confidence in joint pose,
1,14,-174.302,484.903,2126.66,0.668527,-0.656853,0.347217,-0.0325126,Medium confidence in joint pose,
1,15,-252.799,531.322,2177.44,-0.442035,0.706525,0.229864,0.502583,The joint is out of range(too far from depth camera),
1,16,-294.409,544.101,2079.77,-0.442035,0.706525,0.229864,0.502583,The joint is out of range(too far from depth camera),
1,17,-226.167,573.296,2121.39,0.612212,-0.292229,0.267783,-0.684171,The joint is out of range(too far from depth camera),
1,18,362.921,550.791,2016.51,-0.413623,0.462109,-0.525754,0.582198,Medium confidence in joint pose,
1,19,455.919,940.744,1974.94,0.583565,-0.26125,0.649396,-0.411686,Medium confidence in joint pose,
1,20,526.176,1256.51,2184.03,0.518512,-0.253232,0.498478,-0.646946,The joint is not observed(likely due to occlusion) - predicted joint pose,
1,21,627.243,1366.83,2069.19,0.826792,0.171176,0.527431,-0.094498,The joint is not observed(likely due to occlusion) - predicted joint pose,
1,22,190.398,561.29,2041.06,0.318203,0.571876,0.626698,0.42303,Medium confidence in joint pose,
1,23,132.661,958.26,2075.28,0.261896,0.646985,0.548826,0.460012,Medium confidence in joint pose,
1,24,122.681,1328.46,2195.08,0.33736,0.531532,0.66906,0.394995,The joint is not observed(likely due to occlusion) - predicted joint pose,
1,25,38.824,1412.69,2068.64,-0.0380973,0.851567,0.100947,0.513022,The joint is not observed(likely due to occlusion) - predicted joint pose,
1,26,232.228,-64.3004,2026.47,0.425276,-0.510764,0.604085,-0.439706,Medium confidence in joint pose,
1,27,184.006,-101.16,1876.52,0.425276,-0.510764,0.604085,-0.439706,Medium confidence in joint pose,
1,28,213.644,-140.212,1904.3,0.611635,0.065988,0.788318,-0.0102033,Medium confidence in joint pose,
1,29,301.209,-138.527,1997.13,0.439706,0.604085,0.510764,0.425276,Medium confidence in joint pose,
1,30,163.067,-129.884,1914.59,0.611635,0.065988,0.788318,-0.0102033,Medium confidence in joint pose,
1,31,142.28,-118.113,2044.31,0.425276,-0.510764,0.604085,-0.439706,Medium confidence in joint pose,
1,0,274.991,563.201,2034.96,0.469881,-0.489303,0.570859,-0.462508,Medium confidence in joint pose,
1,1,260.707,380.472,2022.24,-0.431911,0.532833,-0.530459,0.498152,Medium confidence in joint pose,
1,2,252.03,234.236,2032.91,0.406107,-0.552756,0.571818,-0.450069,Medium confidence in joint pose,
1,3,239.08,11.1862,2041.25,0.440891,-0.50512,0.614304,-0.416052,Medium confidence in joint pose,
1,4,274.878,45.4744,2031.73,0.730688,-0.673601,0.106483,0.0319184,Medium confidence in joint pose,
1,5,418.456,31.2224,2002.49,0.652519,-0.436456,-0.263438,0.560648,Medium confidence in joint pose,
1,6,484.636,304.887,1961.05,0.579793,-0.465155,-0.208623,0.635568,Medium confidence in joint pose,
1,7,509.73,527.28,1877.61,0.0653417,0.640222,0.353242,0.679019,Medium confidence in joint pose,
1,8,499.871,576.641,1963.05,0.634914,-0.0247844,0.730787,0.249442,The joint is out of range(too far from depth camera),
1,9,478.446,607.857,1858.41,0.634914,-0.0247844,0.730787,0.249442,The joint is out of range(too far from depth camera),
1,10,433.995,593.515,1956.4,-0.187479,0.173719,0.86657,0.428636,The joint is out of range(too far from depth camera),
1,11,208.247,50.6449,2050.07,0.666474,0.731965,0.0837754,-0.114112,Medium confidence in joint pose,
1,12,78.2417,54.6354,2087.82,0.457821,0.620245,-0.39321,-0.50108,Medium confidence in joint pose,
1,13,23.5509,329.116,2163.66,0.531689,0.549811,-0.486853,-0.421887,Medium confidence in joint pose,
1,14,-17.5615,567.12,2150.65,0.818256,-0.493713,-0.0770596,-0.284195,Medium confidence in joint pose,
1,15,-110.269,601.29,2110.17,0.551293,-0.381713,-0.322468,-0.668121,The joint is out of range(too far from depth camera),
1,16,-99.2503,654.938,2015.5,0.551293,-0.381713,-0.322468,-0.668121,The joint is out of range(too far from depth camera),
1,17,-43.8312,659.808,2106.7,0.596211,0.408884,-0.271987,-0.635114,The joint is out of range(too far from depth camera),
1,18,367.868,556.794,2022.7,-0.406834,0.465477,-0.525644,0.584394,Medium confidence in joint pose,
1,19,465.015,954.581,1974.73,0.57303,-0.271985,0.647302,-0.422683,Medium confidence in joint pose,
1,20,541.973,1284.18,2176.43,0.537618,-0.235131,0.496035,-0.640023,The joint is not observed(likely due to occlusion) - predicted joint pose,
1,21,648.322,1402.27,2067.03,0.835384,0.182399,0.512893,-0.0761834,The joint is not observed(likely due to occlusion) - predicted joint pose,
1,22,191.24,568.978,2046.02,0.394756,0.56703,0.584457,0.425505,Medium confidence in joint pose,
1,23,172.588,980.297,2054.71,0.348909,0.624254,0.522895,0.463843,Medium confidence in joint pose,
1,24,181.69,1369.1,2140.01,0.378016,0.556298,0.636144,0.378098,The joint is not observed(likely due to occlusion) - predicted joint pose,
1,25,111.03,1460.95,2005.55,0.00242661,0.846069,0.059898,0.529691,The joint is not observed(likely due to occlusion) - predicted joint pose,
1,26,230.589,-71.8826,2031.04,0.452235,-0.492616,0.610477,-0.424418,Medium confidence in joint pose,
1,27,185.796,-99.5641,1874.16,0.452235,-0.492616,0.610477,-0.424418,Medium confidence in joint pose,
1,28,215.695,-141.106,1900.67,0.619887,0.0833405,0.780005,0.0196696,Medium confidence in joint pose,
1,29,302.634,-145.106,1997.98,0.424418,0.610477,0.492616,0.452235,Medium confidence in joint pose,
1,30,163.597,-131.651,1910.44,0.619887,0.0833405,0.780005,0.0196696,Medium confidence in joint pose,
1,31,138.625,-128.703,2043.01,0.452235,-0.492616,0.610477,-0.424418,Medium confidence in joint pose,
1,0,267.942,567.243,2033.21,0.473749,-0.486151,0.565791,-0.468081,Medium confidence in joint pose,
1,1,253.671,382.504,2020.89,-0.425541,0.539315,-0.515366,0.512302,Medium confidence in joint pose,
1,2,245.342,235.251,2037.82,0.396688,-0.562141,0.573582,-0.444567,Medium confidence in joint pose,
1,3,233.589,9.84722,2048.87,0.431061,-0.514333,0.616815,-0.411324,Medium confidence in joint pose,
1,4,269.331,44.5705,2037.93,0.725166,-0.675057,0.124332,0.0545209,Medium confidence in joint pose,
1,5,412.642,31.359,2000.14,0.707364,-0.453558,-0.136562,0.524663,Medium confidence in joint pose,
1,6,531.195,280.492,1918.82,0.635856,-0.467119,-0.078506,0.609363,Medium confidence in joint pose,
1,7,590.348,485.281,1805.48,0.231348,0.772157,0.145917,0.57355,Medium confidence in joint pose,
1,8,624.349,526.557,1890.25,0.606648,0.000745552,0.785823,-0.120249,The joint is out of range(too far from depth camera),
1,9,594.661,510.279,1783,0.606648,0.000745552,0.785823,-0.120249,Medium confidence in joint pose,
1,10,547.881,437.579,1835.81,-0.284729,0.160355,-0.144642,0.933967,Medium confidence in joint pose,
1,11,202.479,49.6733,2058.21,0.66905,0.723687,0.0899266,-0.1434,Medium confidence in joint pose,
1,12,73.4368,58.1226,2103.09,0.506678,0.570117,-0.390522,-0.515496,Medium confidence in joint pose,
1,13,25.5147,341.727,2159.38,0.58338,0.49945,-0.477588,-0.426762,Medium confidence in joint pose,
1,14,-18.3847,580.087,2127.37,0.636329,-0.644257,0.135872,-0.401942,Medium confidence in joint pose,
1,15,-93.4906,651.101,2096.34,-0.321217,0.616537,0.231107,0.680655,The joint is out of range(too far from depth camera),
1,16,-89.7979,667.939,1987.14,-0.321217,0.616537,0.231107,0.680655,The joint is out of range(too far from depth camera),
1,17,-32.9986,672.139,2083.96,0.562424,-0.16816,0.150381,-0.795479,The joint is out of range(too far from depth camera),
1,18,362.016,560.69,2022.49,-0.393551,0.46453,-0.543699,0.577686,Medium confidence in joint pose,
1,19,469.799,960.65,1977.17,0.566547,-0.252037,0.669237,-0.409418,Medium confidence in joint pose,
1,20,561.793,1279.74,2196.97,0.500585,-0.270764,0.536161,-0.623405,The joint is not observed(likely due to occlusion) - predicted joint pose,
1,21,655.272,1399.19,2074.42,0.797704,0.185319,0.566685,-0.0905145,The joint is not observed(likely due to occlusion) - predicted joint pose,
1,22,183.112,573.152,2042.87,0.380511,0.582856,0.579442,0.423954,Medium confidence in joint pose,
1,23,170.216,988.613,2065.03,0.336488,0.637692,0.518484,0.459672,Medium confidence in joint pose,
1,24,186.213,1379.21,2160.54,0.336038,0.558917,0.682101,0.330801,The joint is not observed(likely due to occlusion) - predicted joint pose,
1,25,92.0294,1462.29,2032.42,0.00610941,0.879922,0.0906582,0.466349,The joint is not observed(likely due to occlusion) - predicted joint pose,
1,26,225.146,-74.2527,2039.63,0.440597,-0.490433,0.621363,-0.423388,Medium confidence in joint pose,
1,27,175.593,-101.013,1882.14,0.440597,-0.490433,0.621363,-0.423388,Medium confidence in joint pose,
1,28,205.48,-143.699,1908.19,0.61093,0.0925819,0.786159,0.0121685,Medium confidence in joint pose,
1,29,295.498,-149.826,2004.48,0.423388,0.621363,0.490433,0.440597,Medium confidence in joint pose,
1,30,153.293,-132.982,1919.3,0.61093,0.0925819,0.786159,0.0121685,Medium confidence in joint pose,
1,31,131.242,-129.609,2053.83,0.440597,-0.490433,0.621363,-0.423388,Medium confidence in joint pose,
1,0,266.111,565.086,2029.71,0.464617,-0.491407,0.57454,-0.461035,Medium confidence in joint pose,
1,1,250.734,381.481,2017.49,-0.417674,0.544853,-0.52413,0.503956,Medium confidence in joint pose,
1,2,242.266,235.024,2033.93,0.397526,-0.555373,0.57341,-0.452475,Medium confidence in joint pose,
1,3,227.466,11.097,2045.36,0.432532,-0.507601,0.616101,-0.419139,Medium confidence in joint pose,
1,4,263.626,45.1239,2034.95,0.722978,-0.675618,0.138685,0.0401106,Medium confidence in joint pose,
1,5,405.415,25.9786,1997.26,0.719645,-0.483042,-0.132871,0.480757,Medium confidence in joint pose,
1,6,549.121,260.602,1919.12,0.583787,-0.500801,-0.0134932,0.638912,Medium confidence in joint pose,
1,7,593.104,442.924,1769.28,0.338994,0.848889,0.144636,0.37888,Medium confidence in joint pose,
1,8,663.035,484.826,1826.61,0.495296,0.281992,0.813642,-0.114669,The joint is out of range(too far from depth camera),
1,9,623.855,523.442,1729.24,0.495296,0.281992,0.813642,-0.114669,Medium confidence in joint pose,
1,10,586.94,543.927,1818.94,0.527985,-0.147396,-0.721607,0.422835,Medium confidence in joint pose,
1,11,196.909,51.1275,2054.04,0.671412,0.724483,0.0695027,-0.139641,Medium confidence in joint pose,
1,12,67.4174,62.9432,2094.29,0.48089,0.590582,-0.39229,-0.515816,Medium confidence in joint pose,
1,13,20.764,342.557,2161.89,0.56559,0.510666,-0.491833,-0.421224,Medium confidence in joint pose,
1,14,-18.4576,580.5,2131.22,0.693276,-0.589064,0.156351,-0.384611,Medium confidence in joint pose,
1,15,-94.7523,653.304,2111.36,-0.378867,0.581035,0.183959,0.696432,The joint is out of range(too far from depth camera),
1,16,-90.6063,687.815,2007.08,-0.378867,0.581035,0.183959,0.696432,The joint is out of range(too far from depth camera),
1,17,-34.0716,678.162,2094.9,0.58479,-0.0686495,0.105435,-0.801368,The joint is out of range(too far from depth camera),
1,18,359.258,558.183,2016.2,-0.395938,0.465748,-0.542605,0.576101,Medium confidence in joint pose,
1,19,463.933,956.638,1971.88,0.578752,-0.235902,0.675052,-0.392048,Medium confidence in joint pose,
1,20,550.573,1262.46,2208.05,0.512307,-0.274642,0.564296,-0.586245,The joint is not observed(likely due to occlusion) - predicted joint pose,
1,21,633.596,1394.03,2092.32,0.779958,0.202592,0.589481,-0.0559881,The joint is not observed(likely due to occlusion) - predicted joint pose,
1,22,182.116,571.309,2041.89,0.378467,0.585245,0.585687,0.413791,Medium confidence in joint pose,
1,23,170.319,984.698,2058.87,0.338695,0.636896,0.529061,0.446927,Medium confidence in joint pose,
1,24,186.605,1375.52,2143.27,0.312893,0.572242,0.692765,0.307755,The joint is not observed(likely due to occlusion) - predicted joint pose,
1,25,84.3903,1458.3,2022.75,0.00589528,0.896701,0.0888454,0.433589,The joint is not observed(likely due to occlusion) - predicted joint pose,
1,26,218.122,-72.4395,2036.27,0.436839,-0.492879,0.615006,-0.433601,Medium confidence in joint pose,
1,27,170.154,-102.65,1879.92,0.436839,-0.492879,0.615006,-0.433601,Medium confidence in joint pose,
1,28,199.515,-144.546,1907.1,0.615494,0.0863564,0.783393,0.00228973,Medium confidence in joint pose,
1,29,288.156,-148.597,2003.75,0.433601,0.615006,0.492879,0.436839,Medium confidence in joint pose,
1,30,147.559,-133.484,1917.42,0.615494,0.0863564,0.783393,0.00228973,Medium confidence in joint pose,
1,31,124.46,-126.868,2050.88,0.436839,-0.492879,0.615006,-0.433601,Medium confidence in joint pose,
1,0,266.784,566.313,2027.33,0.464337,-0.491808,0.564628,-0.472981,Medium confidence in joint pose,
1,1,251.431,382.842,2019.13,0.432663,-0.527413,0.531522,-0.502118,Medium confidence in joint pose,
1,2,241.225,236.22,2029.41,0.399446,-0.55938,0.574758,-0.444062,Medium confidence in joint pose,
1,3,229.154,12.4691,2038.78,0.43377,-0.511486,0.617765,-0.410599,Medium confidence in joint pose,
1,4,264.726,46.9456,2028.31,0.731038,-0.67199,0.103155,0.0580735,Medium confidence in joint pose,
1,5,408.259,39.0111,1994.51,0.657702,-0.419879,-0.26735,0.565379,Medium confidence in joint pose,
1,6,470.417,315.402,1959.36,0.58397,-0.449307,-0.214238,0.641253,Medium confidence in joint pose,
1,7,490.972,540.969,1881.25,0.694754,0.0376344,-0.63208,0.34114,Medium confidence in joint pose,
1,8,479.74,587.056,1968.69,0.271787,-0.40602,-0.48589,0.724701,The joint is out of range(too far from depth camera),
1,9,421.411,675.068,1932.48,0.271787,-0.40602,-0.48589,0.724701,The joint is out of range(too far from depth camera),
1,10,381.9,575.599,1924.07,0.0400734,0.130639,0.981925,0.130962,The joint is out of range(too far from depth camera),
1,11,198.305,51.98,2048.2,0.668719,0.724654,0.0707259,-0.150631,Medium confidence in joint pose,
1,12,69.9774,65.4233,2090.71,0.466587,0.588641,-0.415906,-0.512661,Medium confidence in joint pose,
1,13,32.6293,346.993,2153.37,0.533623,0.524774,-0.494052,-0.44246,Medium confidence in joint pose,
1,14,3.44531,587.373,2138.11,0.808046,-0.383351,-0.0644883,-0.442657,Medium confidence in joint pose,
1,15,-67.4163,652.433,2091.02,0.508378,-0.309042,-0.235817,-0.768398,The joint is out of range(too far from depth camera),
1,16,-35.3691,722.16,2012.61,0.508378,-0.309042,-0.235817,-0.768398,The joint is out of range(too far from depth camera),
1,17,13.1415,687.105,2120.84,-0.400682,-0.504235,0.292874,0.706701,The joint is out of range(too far from depth camera),
1,18,359.995,559.024,2015.9,-0.422008,0.455593,-0.511158,0.594191,Medium confidence in joint pose,
1,19,454.57,959.038,1970.41,0.575563,-0.288728,0.620877,-0.447075,Medium confidence in joint pose,
1,20,522.046,1304.14,2150.85,0.539746,-0.259829,0.476564,-0.643467,The joint is not observed(likely due to occlusion) - predicted joint pose,
1,21,624.108,1419.89,2034.07,0.839343,0.151151,0.516465,-0.0769499,The joint is not observed(likely due to occlusion) - predicted joint pose,
1,22,182.732,572.886,2037.64,0.3903,0.574891,0.572422,0.435315,Medium confidence in joint pose,
1,23,168.548,985.153,2059.81,0.376985,0.59204,0.55467,0.446892,Medium confidence in joint pose,
1,24,162.661,1382.03,2104.13,0.412964,0.520882,0.649941,0.368401,The joint is not observed(likely due to occlusion) - predicted joint pose,
1,25,96.5445,1459.9,1958.3,0.0342712,0.830748,0.0944497,0.547506,The joint is not observed(likely due to occlusion) - predicted joint pose,
1,26,220.678,-70.9161,2029,0.441948,-0.500848,0.608371,-0.428623,Medium confidence in joint pose,
1,27,173.619,-102.504,1872.98,0.441948,-0.500848,0.608371,-0.428623,Medium confidence in joint pose,
1,28,203.957,-143.528,1900.18,0.615587,0.0760302,0.784336,0.0094222,Medium confidence in joint pose,
1,29,292.473,-145.197,1996.68,0.428623,0.608371,0.500848,0.441948,Medium confidence in joint pose,
1,30,151.837,-133.777,1910.45,0.615587,0.0760302,0.784336,0.0094222,Medium confidence in joint pose,
1,31,128.586,-127.548,2043.64,0.441948,-0.500848,0.608371,-0.428623,Medium confidence in joint pose,
1,0,266.365,565.897,2029.78,0.46409,-0.492557,0.567636,-0.468826,Medium confidence in joint pose,
1,1,251.247,382.777,2020.51,-0.425821,0.535631,-0.527183,0.503839,Medium confidence in joint pose,
1,2,241.901,236.603,2033.87,0.411263,-0.555483,0.571561,-0.442288,Medium confidence in joint pose,
1,3,232.178,13.0014,2039.56,0.445407,-0.507859,0.614267,-0.407883,Medium confidence in joint pose,
1,4,267.481,47.9616,2030.27,0.734181,-0.667885,0.109978,0.0530297,Medium confidence in joint pose,
1,5,410.502,37.7841,1996.02,0.657315,-0.44972,-0.270578,0.540811,Medium confidence in joint pose,
1,6,487.052,309.743,1958.77,0.625212,-0.464499,-0.244337,0.577624,Medium confidence in joint pose,
1,7,538.069,536.787,1903.5,0.659128,-0.0563582,-0.658199,0.35937,Medium confidence in joint pose,
1,8,518.379,594.966,1981.52,0.00592571,-0.60275,-0.270361,0.750708,The joint is out of range(too far from depth camera),
1,9,487.924,632.274,1881.04,0.00592571,-0.60275,-0.270361,0.750708,The joint is out of range(too far from depth camera),
1,10,452.548,615.996,1956.78,0.50143,-0.00504984,-0.166669,0.848978,The joint is out of range(too far from depth camera),
1,11,200.785,51.9552,2049.02,0.665268,0.73347,0.0704011,-0.120348,Medium confidence in joint pose,
1,12,70.4406,59.6655,2085.67,0.538473,0.668204,-0.360665,-0.365337,Medium confidence in joint pose,
1,13,-66.8722,313.862,2114.65,0.572868,0.628015,-0.426817,-0.30862,Medium confidence in joint pose,
1,14,-174.694,529.352,2090.1,0.520619,0.822042,-0.0128392,0.230299,Medium confidence in joint pose,
1,15,-269.999,514.107,2044.1,0.294746,0.666383,-0.48151,0.487039,The joint is out of range(too far from depth camera),
1,16,-276.777,552.949,1941.92,0.294746,0.666383,-0.48151,0.487039,The joint is out of range(too far from depth camera),
1,17,-238.882,560.531,2016.72,-0.0197861,0.771986,-0.00777758,0.635285,The joint is out of range(too far from depth camera),
1,18,359.333,558.839,2017.59,-0.430171,0.441791,-0.493322,0.61352,Medium confidence in joint pose,
1,19,458.226,956.701,1969.01,0.609871,-0.252451,0.612225,-0.435323,Medium confidence in joint pose,
1,20,508.985,1288.16,2176.92,0.523383,-0.178354,0.410213,-0.725249,The joint is not observed(likely due to occlusion) - predicted joint pose,
1,21,648.778,1375.93,2076.55,0.884781,0.161795,0.41171,-0.146558,The joint is not observed(likely due to occlusion) - predicted joint pose,
1,22,182.531,572.262,2040.78,0.336485,0.579416,0.60349,0.432267,Medium confidence in joint pose,
1,23,140.422,980.632,2079.87,0.292378,0.636054,0.543477,0.463232,Medium confidence in joint pose,
1,24,132.487,1364.27,2188.11,0.422839,0.498508,0.623611,0.428727,The joint is not observed(likely due to occlusion) - predicted joint pose,
1,25,79.5651,1449.49,2041.38,-0.00121604,0.796611,0.0917221,0.597492,The joint is not observed(likely due to occlusion) - predicted joint pose,
1,26,224.817,-70.164,2028.36,0.447844,-0.508851,0.596879,-0.429234,Medium confidence in joint pose,
1,27,180.418,-104.707,1872.5,0.447844,-0.508851,0.596879,-0.429234,Medium confidence in joint pose,
1,28,211.439,-144.546,1900.47,0.620188,0.0622456,0.781869,0.0131595,Medium confidence in joint pose,
1,29,298.728,-142.811,1997.77,0.429234,0.596879,0.508851,0.447844,Medium confidence in joint pose,
1,30,159.064,-136.04,1910.03,0.620188,0.0622456,0.781869,0.0131595,Medium confidence in joint pose,
1,31,134.209,-128.88,2042.65,0.447844,-0.508851,0.596879,-0.429234,Medium confidence in joint pose,
1,0,265.351,566.101,2028.36,0.460413,-0.494097,0.570627,-0.467197,Medium confidence in joint pose,
1,1,249.613,383.551,2019.34,-0.421545,0.53818,-0.529253,0.502546,Medium confidence in joint pose,
1,2,240.034,237.867,2033.24,0.410715,-0.556041,0.57249,-0.440894,Medium confidence in joint pose,
1,3,230.418,14.8973,2038.65,0.444748,-0.50834,0.615237,-0.406537,Medium confidence in joint pose,
1,4,265.578,49.7792,2029.31,0.733517,-0.667686,0.116337,0.0511278,Medium confidence in joint pose,
1,5,407.824,37.9688,1994.18,0.674496,-0.445102,-0.27342,0.52171,Medium confidence in joint pose,
1,6,494.809,307.114,1967.02,0.589725,-0.48071,-0.204432,0.615914,Medium confidence in joint pose,
1,7,532.423,527.24,1883.3,0.741326,-0.186644,-0.615632,0.191303,Medium confidence in joint pose,
1,8,544.119,584.836,1962.99,0.224137,-0.622454,-0.162449,0.732068,The joint is out of range(too far from depth camera),
1,9,530.272,643.768,1869.82,0.224137,-0.622454,-0.162449,0.732068,The joint is out of range(too far from depth camera),
1,10,470.928,611.63,1978.44,0.588734,0.121484,-0.31842,0.732968,The joint is out of range(too far from depth camera),
1,11,199.137,53.7182,2048.24,0.663145,0.734955,0.0838647,-0.114222,Medium confidence in joint pose,
1,12,69.3397,57.534,2085.99,0.538794,0.663043,-0.361286,-0.373561,Medium confidence in joint pose,
1,13,-63.8006,312.795,2116.69,0.597274,0.587112,-0.474819,-0.270388,Medium confidence in joint pose,
1,14,-161.099,525.455,2056.39,0.62107,0.783686,-0.00770646,0.007003,Medium confidence in joint pose,
1,15,-267.158,532.796,2048.41,0.448656,0.5669,-0.541153,0.429518,The joint is out of range(too far from depth camera),
1,16,-272.109,557.712,1942.19,0.448656,0.5669,-0.541153,0.429518,The joint is out of range(too far from depth camera),
1,17,-229.427,573.095,1999.17,0.123426,0.842124,-0.103693,0.514627,The joint is out of range(too far from depth camera),
1,18,357.904,558.768,2015.28,-0.423382,0.444883,-0.508766,0.603311,Medium confidence in joint pose,
1,19,459.028,955.413,1971.65,0.593315,-0.259999,0.623834,-0.437275,Medium confidence in joint pose,
1,20,522.271,1287.17,2173.42,0.543616,-0.186795,0.439049,-0.690525,The joint is not observed(likely due to occlusion) - predicted joint pose,
1,21,651.922,1389.92,2074.72,0.874811,0.176349,0.438175,-0.107747,The joint is not observed(likely due to occlusion) - predicted joint pose,
1,22,181.892,572.714,2040.15,0.34456,0.576158,0.59775,0.438195,Medium confidence in joint pose,
1,23,141.33,980.125,2078.4,0.299639,0.632466,0.537828,0.470048,Medium confidence in joint pose,
1,24,133.217,1362.57,2186.65,0.401464,0.527197,0.602895,0.444306,The joint is not observed(likely due to occlusion) - predicted joint pose,
1,25,80.1424,1460.64,2048.89,-0.0275676,0.802366,0.0569645,0.593468,The joint is not observed(likely due to occlusion) - predicted joint pose,
1,26,223.061,-68.0163,2027.4,0.444133,-0.512666,0.596733,-0.428753,Medium confidence in joint pose,
1,27,177.607,-103.594,1872.57,0.444133,-0.512666,0.596733,-0.428753,Medium confidence in joint pose,
1,28,208.841,-143.07,1900.48,0.617224,0.0594445,0.784464,0.0108754,Medium confidence in joint pose,
1,29,296.655,-140.517,1996.78,0.428753,0.596733,0.512666,0.444133,Medium confidence in joint pose,
1,30,156.679,-134.625,1910.38,0.617224,0.0594445,0.784464,0.0108754,Medium confidence in joint pose,
1,31,132.947,-126.639,2042.76,0.444133,-0.512666,0.596733,-0.428753,Medium confidence in joint pose,
1,0,259.553,567.016,2025.51,0.476041,-0.487106,0.555824,-0.476626,Medium confidence in joint pose,
1,1,246.53,384.081,2016.3,-0.440591,0.525755,-0.519417,0.509575,Medium confidence in joint pose,
1,2,237.881,237.983,2027.78,0.406572,-0.54653,0.575436,-0.452635,Medium confidence in joint pose,
1,3,222.043,15.1913,2034.71,0.441561,-0.498624,0.61741,-0.418573,Medium confidence in joint pose,
1,4,258.314,49.0554,2025.61,0.729735,-0.668357,0.139862,0.0349978,Medium confidence in joint pose,
1,5,399.335,29.0628,1988.69,0.724276,-0.451252,-0.13898,0.502475,Medium confidence in joint pose,
1,6,529.152,271.767,1916.97,0.576632,-0.471635,-0.0224427,0.666747,Medium confidence in joint pose,
1,7,555.386,460.387,1773.01,0.331288,0.895743,0.167818,0.244397,Medium confidence in joint pose,
1,8,640.349,497.947,1807.56,0.396278,0.41726,0.810193,-0.111558,Medium confidence in joint pose,
1,9,602.789,563.31,1725.79,0.396278,0.41726,0.810193,-0.111558,Medium confidence in joint pose,
1,10,568.457,561.415,1819.58,0.647431,-0.0712448,-0.592736,0.473731,Medium confidence in joint pose,
1,11,191.679,54.9678,2043.58,0.666041,0.732384,0.0564702,-0.129673,Medium confidence in joint pose,
1,12,61.7338,67.153,2079.47,0.467282,0.601976,-0.381208,-0.523405,Medium confidence in joint pose,
1,13,14.9419,341.93,2158.85,0.593842,0.473023,-0.532863,-0.373707,Medium confidence in joint pose,
1,14,-21.9972,571.098,2091.32,0.332668,0.778589,-0.400033,-0.350864,Medium confidence in joint pose,
1,15,-60.8426,666.778,2118.24,-0.473934,-0.406871,0.775037,0.0957055,The joint is out of range(too far from depth camera),
1,16,-36.8267,745.641,2046.45,-0.473934,-0.406871,0.775037,0.0957055,The joint is out of range(too far from depth camera),
1,17,5.19985,688.8,2125.1,0.561053,0.0410179,-0.146538,-0.813673,The joint is out of range(too far from depth camera),
1,18,352.797,560.815,2016.84,-0.417109,0.451418,-0.506158,0.605017,Medium confidence in joint pose,
1,19,453.539,957.087,1965.75,0.585692,-0.270147,0.622093,-0.44383,Medium confidence in joint pose,
1,20,519.685,1294.18,2158.28,0.550092,-0.264707,0.512947,-0.603501,The joint is not observed(likely due to occlusion) - predicted joint pose,
1,21,609.774,1423.27,2046.92,0.81868,0.173534,0.545832,-0.0414335,The joint is not observed(likely due to occlusion) - predicted joint pose,
1,22,175.471,572.608,2033.34,0.378261,0.583372,0.584132,0.41879,Medium confidence in joint pose,
1,23,161.809,983.545,2052.56,0.358309,0.610131,0.556127,0.43598,Medium confidence in joint pose,
1,24,162.323,1377.93,2105.68,0.355242,0.564765,0.662682,0.340142,The joint is not observed(likely due to occlusion) - predicted joint pose,
1,25,78.1181,1464.31,1975.6,0.0130609,0.870518,0.0727129,0.48656,The joint is not observed(likely due to occlusion) - predicted joint pose,
1,26,212.559,-67.6566,2023.96,0.435373,-0.499782,0.596655,-0.452407,Medium confidence in joint pose,
1,27,169.318,-105.332,1868.83,0.435373,-0.499782,0.596655,-0.452407,Medium confidence in joint pose,
1,28,198.12,-145.418,1898.54,0.627755,0.0684991,0.775298,-0.0120448,Medium confidence in joint pose,
1,29,283.675,-144.146,1997.05,0.452407,0.596655,0.499782,0.435373,Medium confidence in joint pose,
1,30,146.104,-134.444,1906.9,0.627755,0.0684991,0.775298,-0.0120448,Medium confidence in joint pose,
1,31,119.507,-121.934,2038.52,0.435373,-0.499782,0.596655,-0.452407,Medium confidence in joint pose,
1,0,263.166,563.489,2023.94,0.462633,-0.50148,0.568241,-0.459989,Medium confidence in joint pose,
1,1,250.983,381.846,2014.85,-0.422434,0.547361,-0.524191,0.497161,Medium confidence in joint pose,
1,2,244.588,237.017,2029.63,0.393229,-0.560416,0.584127,-0.436004,Medium confidence in joint pose,
1,3,231.001,15.742,2037.05,0.426928,-0.511768,0.627187,-0.403066,Medium confidence in joint pose,
1,4,266.207,49.6503,2026.16,0.725698,-0.670613,0.149011,0.0379112,Medium confidence in joint pose,
1,5,405.356,28.4968,1987.14,0.663846,-0.453325,-0.164478,0.571622,Medium confidence in joint pose,
1,6,487.909,284.878,1902.47,0.571485,-0.47274,-0.0952537,0.663964,Medium confidence in joint pose,
1,7,511.643,486.053,1779.51,0.144839,0.656058,0.489049,0.556274,Medium confidence in joint pose,
1,8,509.876,562.541,1841.36,0.53446,-0.00727485,0.818247,0.211592,Medium confidence in joint pose,
1,9,462.56,586.196,1744.46,0.53446,-0.00727485,0.818247,0.211592,Medium confidence in joint pose,
1,10,450.209,603.612,1813.61,0.443976,0.192658,0.0558021,0.873301,Medium confidence in joint pose,
1,11,201.061,54.9765,2047.49,0.661681,0.731389,0.0971645,-0.133441,Medium confidence in joint pose,
1,12,74.0188,59.6068,2090.99,0.511549,0.604559,-0.380709,-0.477375,Medium confidence in joint pose,
1,13,0.847712,332.535,2144.99,0.587227,0.528567,-0.480675,-0.380439,Medium confidence in joint pose,
1,14,-58.7692,561.693,2106.03,0.490749,0.814689,-0.282385,-0.125319,Medium confidence in joint pose,
1,15,-139.125,629.782,2094.72,-0.454211,-0.434951,0.744498,-0.224124,The joint is out of range(too far from depth camera),
1,16,-116.443,677.967,2000.17,-0.454211,-0.434951,0.744498,-0.224124,The joint is out of range(too far from depth camera),
1,17,-48.1356,689.816,2131.01,0.537162,0.138809,-0.250231,-0.793457,The joint is out of range(too far from depth camera),
1,18,355.127,558.014,2010.08,-0.424723,0.448244,-0.513631,0.59571,Medium confidence in joint pose,
1,19,452.219,953.329,1970.1,0.578928,-0.280525,0.621329,-0.447325,Medium confidence in joint pose,
1,20,519.569,1292.06,2153.21,0.54091,-0.246019,0.472154,-0.651123,The joint is not observed(likely due to occlusion) - predicted joint pose,
1,21,625.666,1405,2040.87,0.845492,0.157814,0.503567,-0.0815985,The joint is not observed(likely due to occlusion) - predicted joint pose,
1,22,180.241,568.425,2036.43,0.362383,0.581348,0.602069,0.410153,Medium confidence in joint pose,
1,23,155.143,975.899,2052.99,0.341438,0.610849,0.572118,0.427744,Medium confidence in joint pose,
1,24,147.019,1367.37,2105.09,0.371752,0.537492,0.669908,0.352316,The joint is not observed(likely due to occlusion) - predicted joint pose,
1,25,66.4905,1446.15,1969.73,0.0163529,0.856363,0.0970308,0.506913,The joint is not observed(likely due to occlusion) - predicted joint pose,
1,26,221.682,-66.5581,2026.78,0.431076,-0.509587,0.609396,-0.427938,Medium confidence in joint pose,
1,27,171.743,-100.438,1874.1,0.431076,-0.509587,0.609396,-0.427938,Medium confidence in joint pose,
1,28,202.385,-140.53,1901.01,0.607415,0.070576,0.79124,0.00221863,Medium confidence in joint pose,
1,29,292.04,-140.506,1994.48,0.427938,0.609396,0.509587,0.431076,Medium confidence in joint pose,
1,30,151.065,-130.752,1912.15,0.607415,0.070576,0.79124,0.00221863,Medium confidence in joint pose,
1,31,131.006,-122.381,2044.24,0.431076,-0.509587,0.609396,-0.427938,Medium confidence in joint pose,
1,0,261.502,556.083,2026.09,0.446991,-0.512385,0.581201,-0.447064,Medium confidence in joint pose,
1,1,248.412,376.007,2017.6,0.41826,-0.547611,0.548138,-0.474053,Medium confidence in joint pose,
1,2,241.136,231.955,2026.37,0.3831,-0.581481,0.582761,-0.418932,Medium confidence in joint pose,
1,3,234.827,12.3069,2036.21,0.415462,-0.532874,0.627515,-0.386861,Medium confidence in joint pose,
1,4,268.122,46.8719,2023.45,0.72599,-0.668235,0.125508,0.103194,Medium confidence in joint pose,
1,5,405.306,44.279,1977.08,0.685383,-0.379474,-0.310033,0.538637,Medium confidence in joint pose,
1,6,469.001,316.875,1981.62,0.45622,-0.463406,-0.159298,0.742793,Medium confidence in joint pose,
1,7,432.758,510.83,1854,0.0618935,0.476647,0.302118,0.823226,Medium confidence in joint pose,
1,8,385.672,544.373,1932.58,0.470083,0.258144,0.501826,0.678642,The joint is out of range(too far from depth camera),
1,9,339.171,642.586,1919.29,0.470083,0.258144,0.501826,0.678642,The joint is out of range(too far from depth camera),
1,10,339.332,562.411,1930.92,-0.130025,0.140317,0.804234,0.562684,The joint is out of range(too far from depth camera),
1,11,204.481,50.39,2047.66,0.66905,0.721363,0.097805,-0.149805,Medium confidence in joint pose,
1,12,79.7708,58.2976,2093.89,0.543704,0.634759,-0.37277,-0.403125,Medium confidence in joint pose,
1,13,-33.5006,318.351,2124.25,0.631921,0.511486,-0.529394,-0.242486,Medium confidence in joint pose,
1,14,-110.096,520.146,2024.07,0.615112,0.758789,-0.112984,-0.181965,Medium confidence in joint pose,
1,15,-203.29,567.886,2032.43,0.56695,0.463398,-0.611382,0.30007,The joint is out of range(too far from depth camera),
1,16,-211.075,592.246,1927.9,0.56695,0.463398,-0.611382,0.30007,The joint is out of range(too far from depth camera),
1,17,-164.475,600.976,1983.27,0.801035,-0.145067,-0.398453,-0.422532,The joint is out of range(too far from depth camera),
1,18,351.824,550.392,2007.55,-0.448166,0.439574,-0.485221,0.608673,Medium confidence in joint pose,
1,19,437.748,944.695,1966.91,0.614307,-0.268215,0.597268,-0.440408,Medium confidence in joint pose,
1,20,477.044,1278.63,2159.78,0.613567,-0.188721,0.459697,-0.613677,The joint is not observed(likely due to occlusion) - predicted joint pose,
1,21,584.99,1411.34,2077.56,0.870363,0.190123,0.454209,-0.00400563,The joint is not observed(likely due to occlusion) - predicted joint pose,
1,22,180.054,561.215,2042.81,0.435051,0.532841,0.555396,0.467276,Medium confidence in joint pose,
1,23,158.329,965.749,2048.77,0.39637,0.575589,0.51096,0.500507,Medium confidence in joint pose,
1,24,149.251,1351.57,2115.79,0.433803,0.531677,0.564948,0.458222,The joint is not observed(likely due to occlusion) - predicted joint pose,
1,25,114.178,1453.68,1978.54,-0.0145829,0.779016,0.0267932,0.626261,The joint is not observed(likely due to occlusion) - predicted joint pose,
1,26,227.637,-69.6449,2027.18,0.426347,-0.537432,0.60689,-0.401347,Medium confidence in joint pose,
1,27,171.867,-105.942,1878.6,0.426347,-0.537432,0.60689,-0.401347,Medium confidence in joint pose,
1,28,205.814,-143.954,1903.47,0.585268,0.0491137,0.809158,0.0176782,Medium confidence in joint pose,
1,29,299.504,-139,1991.18,0.401347,0.60689,0.537432,0.426347,Medium confidence in joint pose,
1,30,155.143,-137.089,1917.3,0.585268,0.0491137,0.809158,0.0176782,Medium confidence in joint pose,
1,31,141.996,-129.893,2049.19,0.426347,-0.537432,0.60689,-0.401347,Medium confidence in joint pose,
1,0,271.314,551.372,2040.44,0.466047,-0.495566,0.569181,-0.461788,Medium confidence in joint pose,
1,1,258.195,371.068,2029.89,-0.429461,0.537542,-0.529717,0.495995,Medium confidence in joint pose,
1,2,250.491,226.947,2041.23,0.369674,-0.585363,0.5936,-0.410281,Medium confidence in joint pose,
1,3,241.745,6.97868,2051.24,0.401385,-0.535875,0.638631,-0.379314,Medium confidence in joint pose,
1,4,275.04,41.1925,2037.24,0.722053,-0.66699,0.152842,0.101998,Medium confidence in joint pose,
1,5,410.344,32.9807,1985.47,0.696473,-0.349114,-0.184971,0.599024,Medium confidence in joint pose,
1,6,470.345,303.257,1940.42,0.60988,-0.37076,-0.136498,0.686988,Medium confidence in joint pose,
1,7,474.779,524.362,1859.69,-0.0592055,0.686863,0.404328,0.601027,Medium confidence in joint pose,
1,8,478.392,568.858,1946.64,0.345364,0.25963,0.753561,0.495441,The joint is out of range(too far from depth camera),
1,9,409.663,649.309,1917.77,0.345364,0.25963,0.753561,0.495441,The joint is out of range(too far from depth camera),
1,10,392.005,576.896,1935.05,-0.278503,0.000777352,0.955131,0.100801,The joint is out of range(too far from depth camera),
1,11,212.278,45.5063,2063.85,0.661611,0.723436,0.128713,-0.149479,Medium confidence in joint pose,
1,12,89.1784,47.0498,2115.46,0.579013,0.598692,-0.303328,-0.46293,Medium confidence in joint pose,
1,13,-21.5353,304.069,2173.49,0.720043,0.415497,-0.52707,-0.176344,Medium confidence in joint pose,
1,14,-112.654,469.031,2027.47,0.462706,0.778971,-0.0192855,0.422771,Medium confidence in joint pose,
1,15,-180.401,439.22,1952.66,0.258049,0.707987,-0.325456,0.571177,The joint is out of range(too far from depth camera),
1,16,-195.027,457.122,1847.36,0.258049,0.707987,-0.325456,0.571177,Medium confidence in joint pose,
1,17,-201.389,513.873,2117.74,0.790931,-0.241357,0.520851,-0.211873,The joint is out of range(too far from depth camera),
1,18,362.777,545.47,2027.56,-0.387642,0.529307,-0.487627,0.57601,Medium confidence in joint pose,
1,19,419.316,936.701,1933.4,0.564233,-0.326018,0.641616,-0.404577,Medium confidence in joint pose,
1,20,477.842,1276.47,2112.14,0.582754,-0.219753,0.457953,-0.634339,The joint is not observed(likely due to occlusion) - predicted joint pose,
1,21,585.256,1399.38,2014.6,0.863184,0.166674,0.474882,-0.040249,The joint is not observed(likely due to occlusion) - predicted joint pose,
1,22,188.838,556.694,2052.05,0.390832,0.554911,0.596394,0.428531,Medium confidence in joint pose,
1,23,156.913,961.336,2055.87,0.309714,0.650932,0.489793,0.490375,Medium confidence in joint pose,
1,24,172.325,1330.77,2187.34,0.404512,0.562647,0.551871,0.463937,The joint is not observed(likely due to occlusion) - predicted joint pose,
1,25,133.183,1443.86,2059.71,-0.0395864,0.791696,-0.00415527,0.609617,The joint is not observed(likely due to occlusion) - predicted joint pose,
1,26,233.167,-75.0207,2042.44,0.414391,-0.512146,0.632451,-0.407421,Medium confidence in joint pose,
1,27,173.497,-103.911,1893.42,0.414391,-0.512146,0.632451,-0.407421,Medium confidence in joint pose,
1,28,204.852,-144.912,1917.16,0.581109,0.0850685,0.809353,0.00492819,Medium confidence in joint pose,
1,29,299.587,-148.745,2004.15,0.407421,0.632451,0.512146,0.414391,Medium confidence in joint pose,
1,30,154.846,-134.666,1931.68,0.581109,0.0850685,0.809353,0.00492819,Medium confidence in joint pose,
1,31,143.383,-129.45,2064.07,0.414391,-0.512146,0.632451,-0.407421,Medium confidence in joint pose,
1,0,299.475,570.35,2044.6,0.469698,-0.520722,0.547589,-0.456485,Medium confidence in joint pose,
1,1,296.786,383.357,2040.04,-0.430819,0.563734,-0.503199,0.493345,Medium confidence in joint pose,
1,2,297.805,234.939,2058.39,-0.328424,0.622337,-0.595319,0.387852,Medium confidence in joint pose,
1,3,296.084,8.3386,2080.13,0.358469,-0.572593,0.643309,-0.360265,Medium confidence in joint pose,
1,4,327.779,43.6831,2060.44,0.702036,-0.669907,0.162424,0.178853,Medium confidence in joint pose,
1,5,460.173,48.7052,1990.34,0.738535,-0.22194,-0.128545,0.623527,Medium confidence in joint pose,
1,6,515.049,332.105,1965.15,0.576952,-0.245399,-0.0745676,0.775464,Medium confidence in joint pose,
1,7,463.05,558.622,1893.52,0.333457,-0.221002,0.874261,0.275011,Medium confidence in joint pose,
1,8,392.253,547.218,1822.44,-0.110087,0.701352,0.566816,0.417978,Medium confidence in joint pose,
1,9,393.163,626.874,1903.01,-0.110087,0.701352,0.566816,0.417978,The joint is out of range(too far from depth camera),
1,10,377.961,538.743,1918.71,0.0615315,0.360752,-0.105527,0.924627,The joint is out of range(too far from depth camera),
1,11,266.129,48.0466,2094.49,0.67467,0.695109,0.160917,-0.189075,Medium confidence in joint pose,
1,12,145.234,52.3788,2160.68,0.793747,0.401679,-0.192796,-0.414064,Medium confidence in joint pose,
1,13,-26.822,292.177,2168.53,0.826276,0.109087,-0.431991,0.344604,Medium confidence in joint pose,
1,14,-122.689,175.14,1974.2,0.62026,-0.581207,-0.524613,-0.0475029,Medium confidence in joint pose,
1,15,-172.509,108.804,1903.94,0.606358,-0.496987,-0.605,-0.138955,Medium confidence in joint pose,
1,16,-198.049,60.5995,1806.85,0.606358,-0.496987,-0.605,-0.138955,Medium confidence in joint pose,
1,17,-137.909,46.7401,1942.59,0.834312,-0.254021,-0.198935,0.447014,Medium confidence in joint pose,
1,18,394.109,569.321,2031.02,-0.442893,0.476514,-0.420977,0.632107,Medium confidence in joint pose,
1,19,458.571,972.771,1934.67,-0.497363,0.437242,-0.461648,0.590195,The joint is not observed(likely due to occlusion) - predicted joint pose,
1,20,507.874,1370.25,1911.85,0.618322,-0.289727,0.248521,-0.687004,The joint is not observed(likely due to occlusion) - predicted joint pose,
1,21,626.458,1470.6,1791.62,0.924979,-0.0306375,0.375273,-0.0514226,The joint is not observed(likely due to occlusion) - predicted joint pose,
1,22,214.139,571.278,2056.84,0.482212,0.502334,0.495558,0.519186,Medium confidence in joint pose,
1,23,201.448,990.007,2075.16,0.309534,0.625253,0.327074,0.637393,Medium confidence in joint pose,
1,24,190.707,1315.78,2316.2,0.423295,0.557013,0.295809,0.650426,The joint is not observed(likely due to occlusion) - predicted joint pose,
1,25,219.899,1478.53,2243.22,-0.158614,0.608222,-0.181284,0.756335,The joint is not observed(likely due to occlusion) - predicted joint pose,
1,26,288.608,-76.886,2075.96,0.390564,-0.559987,0.620273,-0.386181,Medium confidence in joint pose,
1,27,217.346,-118.567,1929.08,0.390564,-0.559987,0.620273,-0.386181,Medium confidence in joint pose,
1,28,254.575,-157.303,1952.7,0.549242,0.042628,0.83457,0.00309938,Medium confidence in joint pose,
1,29,359.258,-149.996,2034.3,0.386181,0.620273,0.559987,0.390564,Medium confidence in joint pose,
1,30,203.63,-149.582,1971.42,0.549242,0.042628,0.83457,0.00309938,Medium confidence in joint pose,
1,31,202.264,-138.206,2108.33,0.390564,-0.559987,0.620273,-0.386181,Medium confidence in joint pose,
1,0,329.26,569.173,2097.62,0.491477,-0.520975,0.551096,-0.428169,Medium confidence in joint pose,
1,1,334.6,380.479,2082.28,-0.444068,0.575686,-0.493667,0.47716,Medium confidence in joint pose,
1,2,343.265,230.254,2099.09,-0.377427,0.648482,-0.555929,0.35772,Medium confidence in joint pose,
1,3,372.746,1.94204,2110.18,0.404898,-0.601812,0.606142,-0.3263,Medium confidence in joint pose,
1,4,400.029,42.7489,2092.92,0.713175,-0.637372,0.032507,0.289969,Medium confidence in joint pose,
1,5,525.944,99.2262,2029.79,0.705735,-0.182802,-0.285833,0.62195,Medium confidence in joint pose,
1,6,544.413,387.413,2081.44,0.430567,-0.274392,-0.199565,0.836358,Medium confidence in joint pose,
1,7,426.562,591.709,2010.74,0.196763,0.943083,0.258735,0.0702432,Medium confidence in joint pose,
1,8,518.589,636.162,2012.87,0.127396,0.0441001,0.976937,-0.165591,The joint is out of range(too far from depth camera),
1,9,408.05,641.206,1982.64,0.127396,0.0441001,0.976937,-0.165591,The joint is out of range(too far from depth camera),
1,10,464.799,714.097,2035.08,0.616397,-0.390105,-0.642527,0.234588,The joint is out of range(too far from depth camera),
1,11,336.827,36.8205,2125.7,0.664927,0.689291,0.233657,-0.167791,Medium confidence in joint pose,
1,12,220.323,23.0022,2201.37,0.78202,0.423015,-0.22988,-0.3958,Medium confidence in joint pose,
1,13,46.6578,266.175,2193.99,0.741597,0.0203693,-0.481011,0.46717,Medium confidence in joint pose,
1,14,21.5343,98.2953,2011.36,0.720005,0.357565,0.513173,0.300656,Medium confidence in joint pose,
1,15,-15.4423,7.5243,2061.44,0.583123,0.504994,0.369025,0.51843,The joint is out of range(too far from depth camera),
1,16,-36.8765,-102.67,2050.93,0.583123,0.504994,0.369025,0.51843,The joint is out of range(too far from depth camera),
1,17,38.0336,35.8497,1983.33,0.513094,0.0442292,-0.60998,0.602248,Medium confidence in joint pose,
1,18,424.879,573.061,2083.08,0.50156,-0.542284,0.55354,-0.384654,Medium confidence in joint pose,
1,19,386.091,992.188,2141.77,-0.388864,0.663987,-0.399485,0.498315,Medium confidence in joint pose,
1,20,311.281,1365.06,1999.18,-0.495598,0.599611,-0.273853,0.565557,The joint is not observed(likely due to occlusion) - predicted joint pose,
1,21,322.969,1414.99,1807.03,0.753669,-0.232625,0.612621,-0.0506277,The joint is not observed(likely due to occlusion) - predicted joint pose,
1,22,243.036,565.667,2110.74,0.484002,0.498985,0.612438,0.376397,Medium confidence in joint pose,
1,23,228.81,979.818,2018.53,0.279931,0.710913,0.344443,0.545527,Medium confidence in joint pose,
1,24,297.564,1306.17,2257.73,0.39653,0.644847,0.339282,0.558412,The joint is not observed(likely due to occlusion) - predicted joint pose,
1,25,313.743,1469.33,2176.5,-0.113004,0.700704,-0.212545,0.671616,The joint is not observed(likely due to occlusion) - predicted joint pose,
1,26,377.276,-84.238,2101.67,0.411262,-0.560435,0.641832,-0.323772,Medium confidence in joint pose,
1,27,297.438,-112.178,1953.54,0.411262,-0.560435,0.641832,-0.323772,Medium confidence in joint pose,
1,28,338.018,-152.171,1970.4,0.519747,0.0575564,0.850131,0.0618649,Medium confidence in joint pose,
1,29,448.694,-149.629,2046.93,0.323772,0.641832,0.560435,0.411262,Medium confidence in joint pose,
1,30,287.496,-148.903,1993.15,0.519747,0.0575564,0.850131,0.0618649,Medium confidence in joint pose,
1,31,294.509,-153.526,2131.99,0.411262,-0.560435,0.641832,-0.323772,Medium confidence in joint pose,
1,0,342.911,558.098,2104.73,0.488835,-0.54241,0.544955,-0.412134,Medium confidence in joint pose,
1,1,355.563,375.929,2091.7,-0.451546,0.587305,-0.496244,0.452682,Medium confidence in joint pose,
1,2,369.855,230.785,2103.93,-0.396941,0.608459,-0.554842,0.40542,Medium confidence in joint pose,
1,3,382.576,8.7261,2116.62,0.428175,-0.562005,0.601849,-0.372282,Medium confidence in joint pose,
1,4,413.168,46.3379,2103.22,0.715048,-0.660764,0.0725057,0.216425,Medium confidence in joint pose,
1,5,544.575,77.6845,2046.06,0.773033,-0.255824,-0.286739,0.504732,Medium confidence in joint pose,
1,6,637.034,340.572,2098.54,0.440112,-0.361387,-0.130633,0.811564,Medium confidence in joint pose,
1,7,553.399,533.063,1986.3,-0.0690994,0.770097,0.59308,0.22457,Medium confidence in joint pose,
1,8,581.321,619.325,2025.58,0.104381,0.150723,0.960248,0.210502,The joint is out of range(too far from depth camera),
1,9,477.894,656.294,2010.39,0.104381,0.150723,0.960248,0.210502,The joint is out of range(too far from depth camera),
1,10,500.406,659.459,2026.27,-0.471243,0.217616,0.779708,-0.350183,The joint is out of range(too far from depth camera),
1,11,348.647,44.6588,2127.78,0.679419,0.718384,0.120023,-0.0889316,Medium confidence in joint pose,
1,12,219.719,37.6951,2167.04,0.857122,0.320184,-0.0790294,-0.395699,Medium confidence in joint pose,
1,13,24.8744,248.31,2201.11,0.746875,0.0778058,-0.320484,0.577421,Medium confidence in joint pose,
1,14,-5.91579,52.4478,2064.07,0.505123,0.513457,0.554421,0.416929,Medium confidence in joint pose,
1,15,-16.3665,-53.1518,2071.75,0.247842,0.714627,0.24562,0.606262,The joint is out of range(too far from depth camera),
1,16,-32.0864,-124.165,1990.58,0.247842,0.714627,0.24562,0.606262,Medium confidence in joint pose,
1,17,9.48413,-54.792,2068.75,0.587311,0.0291751,-0.281224,0.758372,The joint is out of range(too far from depth camera),
1,18,434.595,565.687,2087.67,0.572126,-0.480564,0.493146,-0.445574,Medium confidence in joint pose,
1,19,386.719,969.85,2143.55,-0.488188,0.55735,-0.404332,0.536236,Medium confidence in joint pose,
1,20,348.27,1352.36,2063.87,0.634441,-0.399668,0.186642,-0.634755,The joint is not observed(likely due to occlusion) - predicted joint pose,
1,21,434.482,1444.01,1918.53,0.899785,-0.151968,0.409007,-0.00230985,The joint is not observed(likely due to occlusion) - predicted joint pose,
1,22,260.235,551.254,2120.12,0.420382,0.450039,0.654578,0.438487,Medium confidence in joint pose,
1,23,161.137,944.317,2056.24,0.13572,0.722281,0.330601,0.592109,Medium confidence in joint pose,
1,24,192.963,1197.55,2359.98,0.331656,0.643938,0.252747,0.641457,The joint is not observed(likely due to occlusion) - predicted joint pose,
1,25,211.79,1369.49,2323.02,-0.217897,0.639192,-0.272728,0.685254,The joint is not observed(likely due to occlusion) - predicted joint pose,
1,26,382.439,-74.7028,2108.49,-0.412699,0.578641,-0.578183,0.400697,Medium confidence in joint pose,
1,27,325.228,-126.17,1962.65,-0.412699,0.578641,-0.578183,0.400697,Medium confidence in joint pose,
1,28,362.846,-160.251,1989.53,0.575158,-0.000324052,0.817999,0.00848704,Medium confidence in joint pose,
1,29,459.184,-142.194,2075.06,0.400697,0.578183,0.578641,0.412699,Medium confidence in joint pose,
1,30,311.5,-155.876,2004.46,0.575158,-0.000324052,0.817999,0.00848704,Medium confidence in joint pose,
1,31,300.813,-139.813,2137.52,-0.412699,0.578641,-0.578183,0.400697,Medium confidence in joint pose,
1,0,341.983,556.031,2113.48,0.472877,-0.551195,0.565425,-0.390981,Medium confidence in joint pose,
1,1,352.676,374.595,2097.15,-0.440323,0.59437,-0.519851,0.427311,Medium confidence in joint pose,
1,2,366.438,229.545,2104.47,-0.387556,0.609448,-0.570995,0.390306,Medium confidence in joint pose,
1,3,376.421,7.85577,2112.72,0.417608,-0.561695,0.61803,-0.357969,Medium confidence in joint pose,
1,4,406.864,45.1559,2098.74,0.720985,-0.6515,0.0952825,0.215984,Medium confidence in joint pose,
1,5,536.786,72.5412,2037.5,0.751548,-0.273699,-0.252811,0.54438,Medium confidence in joint pose,
1,6,615.781,342.944,2060.68,0.435833,-0.356957,-0.106802,0.819283,Medium confidence in joint pose,
1,7,529.128,530.453,1944,-0.156058,0.662956,0.706521,0.192256,Medium confidence in joint pose,
1,8,530.048,618.997,1987.13,-0.105407,0.474208,0.844873,0.224067,The joint is out of range(too far from depth camera),
1,9,471.688,702.339,2030.31,-0.105407,0.474208,0.844873,0.224067,The joint is out of range(too far from depth camera),
1,10,449.58,617.13,2014.48,-0.496663,-0.0171594,0.795998,-0.345569,The joint is out of range(too far from depth camera),
1,11,343.627,43.93,2125.9,0.6706,0.723196,0.12555,-0.107331,Medium confidence in joint pose,
1,12,216.451,38.8666,2169.43,0.87627,0.338694,-0.0573303,-0.337862,Medium confidence in joint pose,
1,13,-3.90893,220.584,2206.41,0.796835,0.157833,-0.305105,0.497045,Medium confidence in joint pose,
1,14,-80.7173,53.4213,2051.9,0.712105,0.448138,0.46122,0.281698,Medium confidence in joint pose,
1,15,-129.696,-33.7569,2087.23,0.274647,0.642837,-0.017687,0.714854,The joint is out of range(too far from depth camera),
1,16,-127.234,-73.9447,1986.32,0.274647,0.642837,-0.017687,0.714854,Medium confidence in joint pose,
1,17,-109.251,-36.996,2043.91,0.693305,-0.0999308,-0.430657,0.569102,The joint is out of range(too far from depth camera),
1,18,432.056,563.414,2090.44,0.580516,-0.463494,0.480119,-0.466541,Medium confidence in joint pose,
1,19,389.612,967.465,2141.61,0.530868,-0.509306,0.431205,-0.522349,Medium confidence in joint pose,
1,20,357.355,1356.39,2112.55,0.626531,-0.392051,0.267409,-0.618262,The joint is not observed(likely due to occlusion) - predicted joint pose,
1,21,433.074,1459.33,1969.77,0.882841,-0.0896074,0.461032,0.00346052,The joint is not observed(likely due to occlusion) - predicted joint pose,
1,22,260.76,549.374,2134.26,0.446278,0.424254,0.634581,0.467067,Medium confidence in joint pose,
1,23,161.899,940.146,2064.68,0.112576,0.704905,0.292864,0.636134,Medium confidence in joint pose,
1,24,169.464,1160.06,2393.26,0.279716,0.646059,0.263949,0.659316,The joint is not observed(likely due to occlusion) - predicted joint pose,
1,25,171.908,1334.41,2367.18,-0.267312,0.648444,-0.265979,0.661301,The joint is not observed(likely due to occlusion) - predicted joint pose,
1,26,374.733,-75.1356,2103.19,0.41258,-0.576321,0.595397,-0.378332,Medium confidence in joint pose,
1,27,311.928,-120.163,1958.13,0.41258,-0.576321,0.595397,-0.378332,Medium confidence in joint pose,
1,28,350.251,-155.346,1982.03,0.559259,0.0134888,0.828529,0.0242171,Medium confidence in joint pose,
1,29,449.559,-141.232,2064.2,0.378332,0.595397,0.576321,0.41258,Medium confidence in joint pose,
1,30,299.699,-151.43,1999.04,0.559259,0.0134888,0.828529,0.0242171,Medium confidence in joint pose,
1,31,294.211,-140.901,2132.52,0.41258,-0.576321,0.595397,-0.378332,Medium confidence in joint pose,
1,0,350.051,557.473,2118.44,0.489388,-0.535784,0.564622,-0.393238,Medium confidence in joint pose,
1,1,360.365,376.097,2097.05,-0.453184,0.583037,-0.515685,0.434467,Medium confidence in joint pose,
1,2,373.617,230.574,2102.8,-0.398423,0.596338,-0.57432,0.39471,Medium confidence in joint pose,
1,3,380.368,8.1065,2106.61,0.428793,-0.548361,0.620292,-0.361488,Medium confidence in joint pose,
1,4,411.742,45.3423,2094.17,0.73094,-0.651133,0.0986076,0.178966,Medium confidence in joint pose,
1,5,546.075,64.8677,2038.88,0.734562,-0.290771,-0.252409,0.558713,Medium confidence in joint pose,
1,6,616.416,339.029,2051.89,0.499302,-0.359541,-0.137798,0.77617,Medium confidence in joint pose,
1,7,558.663,546.916,1951.88,-0.208771,0.707862,0.659562,0.142562,Medium confidence in joint pose,
1,8,574.948,634.737,1993.95,-0.0995409,0.242879,0.936536,0.232381,The joint is out of range(too far from depth camera),
1,9,479.424,680.013,2027.12,-0.0995409,0.242879,0.936536,0.232381,The joint is out of range(too far from depth camera),
1,10,478.237,644.676,2015.7,-0.483359,-0.000354992,0.754185,-0.444488,The joint is out of range(too far from depth camera),
1,11,347.666,44.449,2119.75,0.662024,0.732673,0.1218,-0.100399,Medium confidence in joint pose,
1,12,219.544,38.3075,2161.34,0.848484,0.403455,-0.060413,-0.337118,Medium confidence in joint pose,
1,13,-1.42767,217.54,2210.27,0.830492,0.235558,-0.333074,0.379285,Medium confidence in joint pose,
1,14,-119.528,103.616,2034.01,0.505759,0.45695,0.632915,0.367182,Medium confidence in joint pose,
1,15,-118.847,0.737868,2060.78,0.237662,0.721202,0.298752,0.578041,The joint is out of range(too far from depth camera),
1,16,-135.534,-76.1102,1985.45,0.237662,0.721202,0.298752,0.578041,The joint is not observed(likely due to occlusion) - predicted joint pose,
1,17,-117.243,-8.84479,2051.79,0.663712,0.0354478,-0.164008,0.728925,The joint is out of range(too far from depth camera),
1,18,441.113,564.985,2098.65,0.591746,-0.446893,0.463701,-0.484876,Medium confidence in joint pose,
1,19,400.167,970.653,2146.02,0.567755,-0.468722,0.441612,-0.512769,Medium confidence in joint pose,
1,20,367.179,1361.46,2154.17,0.625993,-0.362503,0.275976,-0.632899,The joint is not observed(likely due to occlusion) - predicted joint pose,
1,21,452.58,1466.8,2018.13,0.892691,-0.0626685,0.446228,-0.00745454,The joint is not observed(likely due to occlusion) - predicted joint pose,
1,22,267.937,550.699,2136.29,0.454155,0.396432,0.627926,0.492233,Medium confidence in joint pose,
1,23,155.93,938.162,2062.46,0.0864556,0.686343,0.283477,0.664154,Medium confidence in joint pose,
1,24,138.916,1137.94,2404.42,0.245602,0.629708,0.313091,0.667175,The joint is not observed(likely due to occlusion) - predicted joint pose,
1,25,119.804,1310.96,2373.92,-0.296795,0.671332,-0.219402,0.64272,The joint is not observed(likely due to occlusion) - predicted joint pose,
1,26,377.783,-74.8361,2095.26,0.432817,-0.55049,0.60376,-0.380925,Medium confidence in joint pose,
1,27,319.582,-111.251,1945.49,0.432817,-0.55049,0.60376,-0.380925,Medium confidence in joint pose,
1,28,356.06,-148.681,1969.2,0.575402,0.0376678,0.816178,0.0366931,Medium confidence in joint pose,
1,29,452.54,-141.255,2055.98,0.380925,0.60376,0.55049,0.432817,Medium confidence in joint pose,
1,30,304.861,-144.141,1984.42,0.575402,0.0376678,0.816178,0.0366931,Medium confidence in joint pose,
1,31,294.242,-139.778,2118.27,0.432817,-0.55049,0.60376,-0.380925,Medium confidence in joint pose,
1,0,357.78,550.374,2109.26,0.499187,-0.529795,0.549145,-0.410572,Medium confidence in joint pose,
1,1,369.025,371.032,2091.43,-0.466886,0.569604,-0.507734,0.446961,Medium confidence in joint pose,
1,2,381.278,227.28,2096.5,-0.426682,0.576823,-0.552739,0.423908,Medium confidence in joint pose,
1,3,388.037,7.68735,2101.23,0.459302,-0.530639,0.597216,-0.388326,Medium confidence in joint pose,
1,4,419.995,44.5057,2092.04,0.735423,-0.667444,0.0685359,0.0947281,Medium confidence in joint pose,
1,5,560.73,51.4282,2059.16,0.666715,-0.371387,-0.30321,0.570637,Medium confidence in joint pose,
1,6,606.847,327.251,2053.7,0.53906,-0.424544,-0.222772,0.692495,Medium confidence in joint pose,
1,7,593.148,546.926,1972.04,-0.128826,0.440384,0.870905,0.176043,Medium confidence in joint pose,
1,8,542.982,623.152,2006.28,-0.145295,0.522787,0.824079,0.162716,The joint is out of range(too far from depth camera),
1,9,498.013,712.217,2051.08,-0.145295,0.522787,0.824079,0.162716,The joint is out of range(too far from depth camera),
1,10,491.081,626.376,2022.03,0.195151,0.379303,0.414269,0.804007,The joint is out of range(too far from depth camera),
1,11,354.539,43.5008,2110.87,0.667101,0.732031,0.102888,-0.0923048,Medium confidence in joint pose,
1,12,226.514,39.8427,2147.13,0.570172,0.653425,-0.28804,-0.406168,Medium confidence in joint pose,
1,13,82.8416,279.125,2204.79,0.670235,0.526725,-0.482175,-0.202122,Medium confidence in joint pose,
1,14,-24.9239,464.29,2101.76,0.69773,-0.52035,0.492327,-0.0047271,Medium confidence in joint pose,
1,15,-78.9157,511.4,2178.43,-0.272172,0.658231,0.282634,0.642474,The joint is out of range(too far from depth camera),
1,16,-80.4951,508.997,2070.96,-0.272172,0.658231,0.282634,0.642474,The joint is out of range(too far from depth camera),
1,17,-85.7783,530.394,2023.54,-0.0334254,0.763556,-0.308753,0.56616,The joint is out of range(too far from depth camera),
1,18,448.529,557.573,2094.08,0.550742,-0.452237,0.490764,-0.501313,Medium confidence in joint pose,
1,19,442.179,961.188,2129.39,0.604302,-0.393413,0.53906,-0.435269,Medium confidence in joint pose,
1,20,426.724,1329.16,2249.06,0.594007,-0.367375,0.421144,-0.578644,The joint is not observed(likely due to occlusion) - predicted joint pose,
1,21,486.779,1452.43,2118.09,0.83236,0.0362745,0.552989,0.00792865,The joint is not observed(likely due to occlusion) - predicted joint pose,
1,22,275.947,543.882,2122.95,0.400474,0.431796,0.656074,0.471953,Medium confidence in joint pose,
1,23,151.948,926.224,2075.22,0.222992,0.623646,0.47742,0.577417,Medium confidence in joint pose,
1,24,103.94,1260.03,2273.74,0.264931,0.547459,0.620229,0.495395,The joint is not observed(likely due to occlusion) - predicted joint pose,
1,25,18.0525,1370.66,2169.72,-0.160492,0.828601,0.0557796,0.533434,The joint is not observed(likely due to occlusion) - predicted joint pose,
1,26,386.803,-74.2106,2089.95,0.46024,-0.522398,0.592853,-0.404728,Medium confidence in joint pose,
1,27,342.192,-106.425,1936.89,0.46024,-0.522398,0.592853,-0.404728,Medium confidence in joint pose,
1,28,375.166,-144.551,1962.75,0.611625,0.0498188,0.788602,0.039253,Medium confidence in joint pose,
1,29,462.419,-140.766,2056.76,0.404728,0.592853,0.522398,0.46024,Medium confidence in joint pose,
1,30,323.577,-139.187,1973.26,0.611625,0.0498188,0.788602,0.039253,Medium confidence in joint pose,
1,31,301.304,-136.822,2103.97,0.46024,-0.522398,0.592853,-0.404728,Medium confidence in joint pose,
1,0,349.081,547.082,2103.46,0.484815,-0.542825,0.562582,-0.392169,Medium confidence in joint pose,
1,1,360.492,366.774,2084.31,-0.447899,0.590846,-0.511916,0.433854,Medium confidence in joint pose,
1,2,374.935,222.463,2092.18,-0.40938,0.584269,-0.56612,0.412972,Medium confidence in joint pose,
1,3,379.207,1.47335,2097.3,0.441179,-0.536988,0.611151,-0.378813,Medium confidence in joint pose,
1,4,411.323,38.0846,2086.36,0.729513,-0.671556,0.106853,0.0735275,Medium confidence in joint pose,
1,5,552.002,32.8095,2049.29,0.693857,-0.35101,-0.290507,0.557637,Medium confidence in joint pose,
1,6,610.9,307.973,2052.57,0.548208,-0.408068,-0.20269,0.701331,Medium confidence in joint pose,
1,7,595.335,528.666,1969.87,-0.31465,0.277604,0.907696,0.00430355,Medium confidence in joint pose,
1,8,533.463,585.071,2020.92,-0.299853,0.550483,0.773269,-0.0954515,The joint is out of range(too far from depth camera),
1,9,509.903,685.05,2060.38,-0.299853,0.550483,0.773269,-0.0954515,The joint is out of range(too far from depth camera),
1,10,488.73,604.97,2023.87,0.170925,0.390151,0.608971,0.669119,The joint is out of range(too far from depth camera),
1,11,346.477,37.9527,2108.53,0.656685,0.731735,0.159859,-0.0881677,Medium confidence in joint pose,
1,12,221.479,22.1291,2153.93,0.554666,0.602024,-0.329709,-0.470324,Medium confidence in joint pose,
1,13,123.938,285.565,2211.43,0.656657,0.49745,-0.472952,-0.312508,Medium confidence in joint pose,
1,14,38.4749,496.277,2137.23,0.581255,-0.608877,0.460357,-0.281928,Medium confidence in joint pose,
1,15,-8.50433,586.588,2165.24,-0.272364,0.76281,0.0279324,0.585797,The joint is out of range(too far from depth camera),
1,16,-42.2636,616.493,2066.94,-0.272364,0.76281,0.0279324,0.585797,The joint is out of range(too far from depth camera),
1,17,33.4361,599.854,2123.01,-0.188423,-0.552711,0.72085,0.373341,The joint is out of range(too far from depth camera),
1,18,439.268,554.983,2082.82,0.53473,-0.444993,0.525784,-0.489486,Medium confidence in joint pose,
1,19,452.351,959.171,2134.46,0.577265,-0.395105,0.564224,-0.43853,Medium confidence in joint pose,
1,20,460.655,1330.15,2253.25,0.573874,-0.39079,0.496025,-0.521452,The joint is not observed(likely due to occlusion) - predicted joint pose,
1,21,496.987,1466.67,2125.04,0.778162,0.072586,0.622922,0.0341039,The joint is not observed(likely due to occlusion) - predicted joint pose,
1,22,267.756,539.958,2122.08,0.41238,0.426058,0.658435,0.463553,Medium confidence in joint pose,
1,23,146.871,924.146,2061.79,0.2435,0.613489,0.48854,0.570672,Medium confidence in joint pose,
1,24,96.2085,1269.57,2243.8,0.188376,0.569497,0.67975,0.422053,The joint is not observed(likely due to occlusion) - predicted joint pose,
1,25,-20.1932,1367.98,2156.75,-0.163039,0.88554,0.0825287,0.427114,The joint is not observed(likely due to occlusion) - predicted joint pose,
1,26,376.378,-80.932,2086.28,0.439313,-0.524571,0.616923,-0.388889,Medium confidence in joint pose,
1,27,320.763,-109.891,1935.13,0.439313,-0.524571,0.616923,-0.388889,Medium confidence in joint pose,
1,28,354.577,-149.441,1958.4,0.585627,0.0653026,0.807159,0.0356549,Medium confidence in joint pose,
1,29,448.399,-149.219,2047.08,0.388889,0.616923,0.524571,0.439313,Medium confidence in joint pose,
1,30,303.624,-142.939,1972.42,0.585627,0.0653026,0.807159,0.0356549,Medium confidence in joint pose,
1,31,289.885,-142.012,2105.13,0.439313,-0.524571,0.616923,-0.388889,Medium confidence in joint pose,
1,0,276.769,579.608,2076.44,0.4477,-0.558122,0.600658,-0.356756,Medium confidence in joint pose,
1,1,282.348,389.203,2052.27,-0.423438,0.596169,-0.562914,0.385241,Medium confidence in joint pose,
1,2,293.009,236.092,2049.61,-0.393109,0.591819,-0.573337,0.408045,Medium confidence in joint pose,
1,3,295.607,2.59525,2058.08,0.424565,-0.543935,0.61895,-0.375206,Medium confidence in joint pose,
1,4,329.455,40.8038,2044.76,0.724111,-0.666852,0.125569,0.123304,Medium confidence in joint pose,
1,5,473.78,42.5117,1991.48,0.676526,-0.378138,-0.326044,0.541313,Medium confidence in joint pose,
1,6,533.666,333.687,2000.93,0.228182,-0.497611,-0.0409385,0.835847,Medium confidence in joint pose,
1,7,433.657,439.078,1797.94,-0.0158115,-0.354441,-0.345854,0.868623,Medium confidence in joint pose,
1,8,355.796,452.301,1730.83,0.635968,0.0207163,-0.494787,0.591863,Medium confidence in joint pose,
1,9,333.673,537.465,1806.87,0.635968,0.0207163,-0.494787,0.591863,Medium confidence in joint pose,
1,10,328.512,529.427,1847.43,0.390828,0.343667,0.299289,0.799733,Medium confidence in joint pose,
1,11,261.82,41.6339,2070.66,0.672651,0.707765,0.0743627,-0.202681,Medium confidence in joint pose,
1,12,133.473,65.3286,2125.43,0.540055,0.591683,-0.419771,-0.426666,Medium confidence in joint pose,
1,13,47.5604,355.523,2141.04,0.623541,0.47959,-0.544325,-0.291378,Medium confidence in joint pose,
1,14,-12.5064,579.36,2040.09,0.730456,0.180963,-0.378209,-0.539114,Medium confidence in joint pose,
1,15,-27.9002,678.649,1991.55,0.614727,0.249522,-0.336939,-0.668073,The joint is out of range(too far from depth camera),
1,16,-14.2172,791.762,1982.31,0.614727,0.249522,-0.336939,-0.668073,The joint is out of range(too far from depth camera),
1,17,-18.445,689.111,1970.86,0.543629,-0.62191,0.049309,-0.561484,The joint is out of range(too far from depth camera),
1,18,368.63,586.592,2042.62,0.553134,-0.442979,0.574641,-0.40939,Medium confidence in joint pose,
1,19,366.746,1001.09,2160.25,0.605788,-0.356744,0.631788,-0.326493,Medium confidence in joint pose,
1,20,371.485,1349.6,2379.53,0.60422,-0.361644,0.579214,-0.410661,The joint is not observed(likely due to occlusion) - predicted joint pose,
1,21,385.066,1525.49,2281.9,0.721821,0.152456,0.661719,0.133636,The joint is not observed(likely due to occlusion) - predicted joint pose,
1,22,193.934,573.31,2106.93,0.440077,0.450349,0.628334,0.456853,Medium confidence in joint pose,
1,23,104.825,989.961,2046.01,0.33833,0.568493,0.523845,0.536596,Medium confidence in joint pose,
1,24,52.937,1388.88,2152.38,0.280094,0.595482,0.612739,0.437606,The joint is not observed(likely due to occlusion) - predicted joint pose,
1,25,-34.4936,1510.58,2043.02,-0.109261,0.857245,0.0163403,0.502917,The joint is not observed(likely due to occlusion) - predicted joint pose,
1,26,291.408,-84.6133,2047.76,0.42941,-0.53877,0.620886,-0.373946,Medium confidence in joint pose,
1,27,226.497,-116.595,1890.68,0.42941,-0.53877,0.620886,-0.373946,Medium confidence in joint pose,
1,28,264.024,-157.673,1913.77,0.568058,0.0580647,0.82,0.0392193,Medium confidence in joint pose,
1,29,367.044,-155.415,2003.2,0.373946,0.620886,0.53877,0.42941,Medium confidence in joint pose,
1,30,210.73,-151.787,1930.85,0.568058,0.0580647,0.82,0.0392193,Medium confidence in joint pose,
1,31,202.154,-150.835,2071.6,0.42941,-0.53877,0.620886,-0.373946,Medium confidence in joint pose,
1,0,150.962,559.066,1972.3,0.493173,-0.473044,0.56363,-0.464038,Medium confidence in joint pose,
1,1,138.953,375.375,1953.38,0.465811,-0.504521,0.535637,-0.491499,Medium confidence in joint pose,
1,2,130.527,227.674,1952.93,0.382746,-0.553891,0.579519,-0.459203,Medium confidence in joint pose,
1,3,109.773,3.98049,1968.52,0.418338,-0.505633,0.622071,-0.427031,Medium confidence in joint pose,
1,4,146.781,36.8938,1957.03,0.724392,-0.676468,0.115121,0.0662961,Medium confidence in joint pose,
1,5,289.826,28.0411,1919,0.673909,-0.379458,-0.249769,0.582644,Medium confidence in joint pose,
1,6,346.088,307.472,1888.75,0.585554,-0.410731,-0.194095,0.671382,Medium confidence in joint pose,
1,7,351.657,534.988,1810.75,0.152728,0.296923,-0.190128,0.923235,Medium confidence in joint pose,
1,8,273.496,542.722,1872.45,0.779901,0.341462,0.0878378,0.517149,Medium confidence in joint pose,
1,9,323.897,639.855,1896.68,0.779901,0.341462,0.0878378,0.517149,The joint is out of range(too far from depth camera),
1,10,264.262,618.681,1872.72,0.257969,0.256036,0.646349,0.670917,Medium confidence in joint pose,
1,11,80.3654,45.0638,1976.9,0.675722,0.700742,-0.00358469,-0.228797,Medium confidence in joint pose,
1,12,-41.7601,87.9282,2019.98,0.522515,0.539533,-0.437588,-0.494368,Medium confidence in joint pose,
1,13,-79.2124,376.724,2042.23,0.616231,0.433352,-0.542941,-0.371054,Medium confidence in joint pose,
1,14,-112.118,602.777,1957.55,0.601872,-0.464505,0.364886,-0.537441,Medium confidence in joint pose,
1,15,-136.268,707.568,1956.4,-0.22324,0.587474,-0.0614897,0.775408,The joint is out of range(too far from depth camera),
1,16,-113.124,753.668,1859.05,-0.22324,0.587474,-0.0614897,0.775408,The joint is out of range(too far from depth camera),
1,17,-63.4906,690.59,1936.83,0.0163915,-0.43019,0.864694,0.258789,The joint is out of range(too far from depth camera),
1,18,245.064,553.721,1964.46,0.504123,-0.420293,0.482901,-0.579673,Medium confidence in joint pose,
1,19,302.547,964.975,1964.3,0.63685,-0.281233,0.575104,-0.429633,Medium confidence in joint pose,
1,20,314.714,1310.52,2159.1,0.59192,-0.238514,0.432643,-0.636837,The joint is not observed(likely due to occlusion) - predicted joint pose,
1,21,421.403,1434.79,2054.54,0.871422,0.135553,0.470103,-0.0353845,The joint is not observed(likely due to occlusion) - predicted joint pose,
1,22,66.1056,563.885,1979.37,0.505211,0.463959,0.532398,0.496041,Medium confidence in joint pose,
1,23,41.629,976.712,1947.16,0.343058,0.59643,0.378106,0.61937,Medium confidence in joint pose,
1,24,20.3082,1328.01,2139.41,0.417833,0.53757,0.490194,0.544192,The joint is not observed(likely due to occlusion) - predicted joint pose,
1,25,1.5952,1457.28,2017.33,-0.0867957,0.730845,-0.0300047,0.676337,The joint is not observed(likely due to occlusion) - predicted joint pose,
1,26,98.0243,-79.5951,1961.01,0.457168,-0.466165,0.619168,-0.436256,Medium confidence in joint pose,
1,27,56.8514,-101.979,1801.06,0.457168,-0.466165,0.619168,-0.436256,Medium confidence in joint pose,
1,28,84.0748,-145.759,1827.75,0.631746,0.108189,0.767446,0.0147866,Medium confidence in joint pose,
1,29,168.095,-156.011,1928.39,0.436256,0.619168,0.466165,0.457168,Medium confidence in joint pose,
1,30,31.8118,-133.952,1836.14,0.631746,0.108189,0.767446,0.0147866,Medium confidence in joint pose,
1,31,2.46384,-132.581,1968.83,0.457168,-0.466165,0.619168,-0.436256,Medium confidence in joint pose,
1,0,100.819,574.826,1918.69,0.438398,-0.522702,0.58525,-0.43826,Medium confidence in joint pose,
1,1,88.1947,383.568,1910.9,0.4241,-0.541224,0.568166,-0.45211,Medium confidence in joint pose,
1,2,79.8485,230.44,1912.05,0.409783,-0.522152,0.553667,-0.50288,Medium confidence in joint pose,
1,3,52.267,-0.694826,1929.71,0.448791,-0.47607,0.593757,-0.468399,Medium confidence in joint pose,
1,4,92.4491,32.5688,1922.19,0.720677,-0.685909,0.100722,-0.00299283,Medium confidence in joint pose,
1,5,243.038,10.6672,1900.51,0.650988,-0.434871,-0.292223,0.54928,Medium confidence in joint pose,
1,6,310.13,298.686,1871.6,0.501465,-0.491947,-0.180264,0.688495,Medium confidence in joint pose,
1,7,306.878,515.126,1747.75,0.0298356,0.191888,-0.0907888,0.976753,Medium confidence in joint pose,
1,8,212.561,508.507,1789.95,0.667689,0.204029,0.0586158,0.713532,Medium confidence in joint pose,
1,9,209.641,621.993,1814.69,0.667689,0.204029,0.0586158,0.713532,Medium confidence in joint pose,
1,10,189.866,570.368,1740.41,0.339458,-0.0915006,0.618909,0.702387,Medium confidence in joint pose,
1,11,21.6918,42.5327,1933.6,0.682713,0.709774,-0.0505523,-0.16604,Medium confidence in joint pose,
1,12,-111.196,84.7396,1957.17,0.435416,0.621413,-0.537641,-0.367697,Medium confidence in joint pose,
1,13,-157.059,383.987,1953.78,-0.495418,-0.512381,0.6424,0.281691,Medium confidence in joint pose,
1,14,-161.085,620.729,1865.93,-0.285084,0.521683,-0.424411,0.682971,Medium confidence in joint pose,
1,15,-133.582,718.399,1819.75,0.505547,-0.340728,0.579812,-0.540504,Medium confidence in joint pose,
1,16,-104.271,825.935,1844.64,0.505547,-0.340728,0.579812,-0.540504,The joint is out of range(too far from depth camera),
1,17,-122.725,718.427,1790.39,-0.336286,0.151278,0.0486643,0.928255,Medium confidence in joint pose,
1,18,196.049,569.464,1896,-0.367797,0.592373,-0.465869,0.544779,Medium confidence in joint pose,
1,19,207.946,979.555,1765.68,0.567641,-0.331857,0.676631,-0.331399,The joint is not observed(likely due to occlusion) - predicted joint pose,
1,20,263.611,1319.08,1991.21,0.547198,-0.348751,0.572294,-0.501425,The joint is not observed(likely due to occlusion) - predicted joint pose,
1,21,306.98,1475.13,1871.43,0.745259,0.156134,0.647586,0.0290371,The joint is not observed(likely due to occlusion) - predicted joint pose,
1,22,14.9455,579.66,1939.16,0.569709,0.398193,0.576493,0.429569,Medium confidence in joint pose,
1,23,0.434225,987.545,1803.81,0.317479,0.614013,0.337416,0.639019,The joint is not observed(likely due to occlusion) - predicted joint pose,
1,24,-18.0192,1328.48,2040.97,0.376778,0.577122,0.417767,0.591979,The joint is not observed(likely due to occlusion) - predicted joint pose,
1,25,-29.5083,1485.81,1943.69,-0.15006,0.707948,-0.10891,0.681491,The joint is not observed(likely due to occlusion) - predicted joint pose,
1,26,39.6286,-87.2789,1922.07,0.502879,-0.437638,0.609393,-0.429216,Medium confidence in joint pose,
1,27,11.4097,-99.6108,1752.06,0.502879,-0.437638,0.609393,-0.429216,Medium confidence in joint pose,
1,28,38.2691,-146.32,1778.87,0.65909,0.12145,0.740363,0.0520874,Medium confidence in joint pose,
1,29,116.623,-162.687,1889.21,0.429216,0.609393,0.437638,0.502879,Medium confidence in joint pose,
1,30,-16.7096,-135.648,1783.77,0.65909,0.12145,0.740363,0.0520874,Medium confidence in joint pose,
1,31,-58.4754,-144.331,1918.03,0.502879,-0.437638,0.609393,-0.429216,Medium confidence in joint pose,
1,0,99.7237,586.18,1873.24,0.494846,-0.478502,0.539343,-0.485049,Medium confidence in joint pose,
1,1,89.8285,395.647,1862.76,0.482031,-0.492402,0.526683,-0.497786,Medium confidence in joint pose,
1,2,82.134,243.107,1860.09,0.445645,-0.510286,0.5421,-0.497129,Medium confidence in joint pose,
1,3,63.174,11.4509,1866.72,0.484076,-0.46517,0.581275,-0.45979,Medium confidence in joint pose,
1,4,102.159,46.393,1862.83,0.73639,-0.670973,0.0867099,-0.00254111,Medium confidence in joint pose,
1,5,252.96,28.0046,1843.8,0.725474,-0.360522,-0.290319,0.509338,Medium confidence in joint pose,
